

CREATE TABLE `ciudad` (
  `codigoCiudad` int(4) NOT NULL,
  `codigoDepartamento` int(2) NOT NULL,
  `nombreCiudad` varchar(50) NOT NULL,
  PRIMARY KEY (`codigoCiudad`),
  KEY `codigoDepartamento` (`codigoDepartamento`),
  CONSTRAINT `ciudad_ibfk_1` FOREIGN KEY (`codigoDepartamento`) REFERENCES `departamentos` (`codigoDepartamento`) ON DELETE CASCADE ON UPDATE CASCADE
) ENGINE=InnoDB DEFAULT CHARSET=utf8mb4 COLLATE=utf8mb4_spanish_ci;

INSERT INTO ciudad VALUES("5001","5","MEDELLÍN");
INSERT INTO ciudad VALUES("5002","5","ABEJORRAL");
INSERT INTO ciudad VALUES("5004","5","ABRIAQUÍ");
INSERT INTO ciudad VALUES("5021","5","ALEJANDRÍA");
INSERT INTO ciudad VALUES("5030","5","AMAGa");
INSERT INTO ciudad VALUES("5031","5","AMALFI");
INSERT INTO ciudad VALUES("5034","5","ANDES");
INSERT INTO ciudad VALUES("5036","5","ANGELOPOLIS");
INSERT INTO ciudad VALUES("5038","5","ANGOSTURA");
INSERT INTO ciudad VALUES("5040","5","ANORÍ");
INSERT INTO ciudad VALUES("5042","5","SANTAFÉ DE ANTIOQUIA");
INSERT INTO ciudad VALUES("5044","5","ANZA");
INSERT INTO ciudad VALUES("5045","5","APARTADÓ");
INSERT INTO ciudad VALUES("5051","5","ARBOLETES");
INSERT INTO ciudad VALUES("5055","5","ARGELIA");
INSERT INTO ciudad VALUES("5059","5","ARMENIA");
INSERT INTO ciudad VALUES("5079","5","BARBOSA");
INSERT INTO ciudad VALUES("5086","5","BELMIRA");
INSERT INTO ciudad VALUES("5088","5","BELLO");
INSERT INTO ciudad VALUES("5091","5","BETANIA");
INSERT INTO ciudad VALUES("5093","5","BETULIA");
INSERT INTO ciudad VALUES("5101","5","CIUDAD BOLÍVAR");
INSERT INTO ciudad VALUES("5107","5","BRICEÑO");
INSERT INTO ciudad VALUES("5113","5","BURITICÁ");
INSERT INTO ciudad VALUES("5120","5","CÁCERES");
INSERT INTO ciudad VALUES("5125","5","CAICEDO");
INSERT INTO ciudad VALUES("5129","5","CALDAS");
INSERT INTO ciudad VALUES("5134","5","CAMPAMENTO");
INSERT INTO ciudad VALUES("5138","5","CAÑASGORDAS");
INSERT INTO ciudad VALUES("5142","5","CARACOLÍ");
INSERT INTO ciudad VALUES("5145","5","CARAMANTA");
INSERT INTO ciudad VALUES("5147","5","CAREPA");
INSERT INTO ciudad VALUES("5148","5","CARMEN DE VIBORAL");
INSERT INTO ciudad VALUES("5150","5","CAROLINA");
INSERT INTO ciudad VALUES("5154","5","CAUCASIA");
INSERT INTO ciudad VALUES("5172","5","CHIGORODÓ");
INSERT INTO ciudad VALUES("5190","5","CISNEROS");
INSERT INTO ciudad VALUES("5197","5","COCORNÁ");
INSERT INTO ciudad VALUES("5206","5","CONCEPCIÓN");
INSERT INTO ciudad VALUES("5209","5","CONCORDIA");
INSERT INTO ciudad VALUES("5212","5","COPACABANA");
INSERT INTO ciudad VALUES("5234","5","DABEIBA");
INSERT INTO ciudad VALUES("5237","5","DON MATiAS");
INSERT INTO ciudad VALUES("5240","5","EBÉJICO");
INSERT INTO ciudad VALUES("5250","5","EL BAGRE");
INSERT INTO ciudad VALUES("5264","5","ENTRERRIOS");
INSERT INTO ciudad VALUES("5266","5","ENVIGADO");
INSERT INTO ciudad VALUES("5282","5","FREDONIA");
INSERT INTO ciudad VALUES("5284","5","FRONTINO");
INSERT INTO ciudad VALUES("5306","5","GIRALDO");
INSERT INTO ciudad VALUES("5308","5","GIRARDOTA");
INSERT INTO ciudad VALUES("5310","5","GÓMEZ PLATA");
INSERT INTO ciudad VALUES("5313","5","GRANADA");
INSERT INTO ciudad VALUES("5315","5","GUADALUPE");
INSERT INTO ciudad VALUES("5318","5","GUARNE");
INSERT INTO ciudad VALUES("5321","5","GUATAPE");
INSERT INTO ciudad VALUES("5347","5","HELICONIA");
INSERT INTO ciudad VALUES("5353","5","HISPANIA");
INSERT INTO ciudad VALUES("5360","5","ITAGUI");
INSERT INTO ciudad VALUES("5361","5","ITUANGO");
INSERT INTO ciudad VALUES("5364","5","JARDÍN");
INSERT INTO ciudad VALUES("5368","5","JERICÓ");
INSERT INTO ciudad VALUES("5376","5","LA CEJA");
INSERT INTO ciudad VALUES("5380","5","LA ESTRELLA");
INSERT INTO ciudad VALUES("5390","5","LA PINTADA");
INSERT INTO ciudad VALUES("5400","5","LA UNIÓN");
INSERT INTO ciudad VALUES("5411","5","LIBORINA");
INSERT INTO ciudad VALUES("5425","5","MACEO");
INSERT INTO ciudad VALUES("5440","5","MARINILLA");
INSERT INTO ciudad VALUES("5467","5","MONTEBELLO");
INSERT INTO ciudad VALUES("5475","5","MURINDÓ");
INSERT INTO ciudad VALUES("5480","5","MUTATA");
INSERT INTO ciudad VALUES("5483","5","NARIÑO");
INSERT INTO ciudad VALUES("5490","5","NECOCLÍ");
INSERT INTO ciudad VALUES("5495","5","NECHÍ");
INSERT INTO ciudad VALUES("5501","5","OLAYA");
INSERT INTO ciudad VALUES("5541","5","PEÑOL");
INSERT INTO ciudad VALUES("5543","5","PEQUE");
INSERT INTO ciudad VALUES("5576","5","PUEBLORRICO");
INSERT INTO ciudad VALUES("5579","5","PUERTO BERRiO");
INSERT INTO ciudad VALUES("5585","5","PUERTO NARE");
INSERT INTO ciudad VALUES("5591","5","PUERTO TRIUNFO");
INSERT INTO ciudad VALUES("5604","5","REMEDIOS");
INSERT INTO ciudad VALUES("5607","5","RETIRO");
INSERT INTO ciudad VALUES("5615","5","RIONEGRO");
INSERT INTO ciudad VALUES("5628","5","SABANALARGA");
INSERT INTO ciudad VALUES("5631","5","SABANETA");
INSERT INTO ciudad VALUES("5642","5","SALGAR");
INSERT INTO ciudad VALUES("5647","5","SAN ANDRÉS");
INSERT INTO ciudad VALUES("5649","5","SAN CARLOS");
INSERT INTO ciudad VALUES("5652","5","SAN FRANCISCO");
INSERT INTO ciudad VALUES("5656","5","SAN JERÓNIMO");
INSERT INTO ciudad VALUES("5658","5","SAN JOSÉ DE LA MONTAÑA");
INSERT INTO ciudad VALUES("5659","5","SAN JUAN DE URABA");
INSERT INTO ciudad VALUES("5660","5","SAN LUIS");
INSERT INTO ciudad VALUES("5664","5","SAN PEDRO");
INSERT INTO ciudad VALUES("5665","5","SAN PEDRO DE URABA");
INSERT INTO ciudad VALUES("5667","5","SAN RAFAEL");
INSERT INTO ciudad VALUES("5670","5","SAN ROQUE");
INSERT INTO ciudad VALUES("5674","5","SAN VICENTE");
INSERT INTO ciudad VALUES("5679","5","SANTA BaRBARA");
INSERT INTO ciudad VALUES("5686","5","SANTA ROSA de osos");
INSERT INTO ciudad VALUES("5690","5","SANTO DOMINGO");
INSERT INTO ciudad VALUES("5697","5","SANTUARIO");
INSERT INTO ciudad VALUES("5736","5","SEGOVIA");
INSERT INTO ciudad VALUES("5756","5","SONSON");
INSERT INTO ciudad VALUES("5761","5","SOPETRaN");
INSERT INTO ciudad VALUES("5789","5","TÁMESIS");
INSERT INTO ciudad VALUES("5790","5","TARAZÁ");
INSERT INTO ciudad VALUES("5792","5","TARSO");
INSERT INTO ciudad VALUES("5809","5","TITIRIBÍ");
INSERT INTO ciudad VALUES("5819","5","TOLEDO");
INSERT INTO ciudad VALUES("5837","5","TURBO");
INSERT INTO ciudad VALUES("5842","5","URAMITA");
INSERT INTO ciudad VALUES("5847","5","URRAO");
INSERT INTO ciudad VALUES("5854","5","VALDIVIA");
INSERT INTO ciudad VALUES("5856","5","VALPARAISO");
INSERT INTO ciudad VALUES("5858","5","VEGACHÍ");
INSERT INTO ciudad VALUES("5861","5","VENECIA");
INSERT INTO ciudad VALUES("5873","5","VIGÍA DEL FUERTE");
INSERT INTO ciudad VALUES("5885","5","YALÍ");
INSERT INTO ciudad VALUES("5887","5","YARUMAL");
INSERT INTO ciudad VALUES("5890","5","YOLOMBÓ");
INSERT INTO ciudad VALUES("5893","5","YONDÓ");
INSERT INTO ciudad VALUES("5895","5","ZARAGOZA");
INSERT INTO ciudad VALUES("8001","8","BARRANQUILLA");
INSERT INTO ciudad VALUES("8078","8","BARANOA");
INSERT INTO ciudad VALUES("8137","8","CAMPO DE LA CRUZ");
INSERT INTO ciudad VALUES("8141","8","CANDELARIA");
INSERT INTO ciudad VALUES("8296","8","GALAPA");
INSERT INTO ciudad VALUES("8372","8","JUAN DE ACOSTA");
INSERT INTO ciudad VALUES("8421","8","LURUACO");
INSERT INTO ciudad VALUES("8433","8","MALAMBO");
INSERT INTO ciudad VALUES("8436","8","MANATi");
INSERT INTO ciudad VALUES("8520","8","PALMAR DE VARELA");
INSERT INTO ciudad VALUES("8549","8","PIOJÓ");
INSERT INTO ciudad VALUES("8558","8","POLONUEVO");
INSERT INTO ciudad VALUES("8560","8","PONEDERA");
INSERT INTO ciudad VALUES("8573","8","PUERTO COLOMBIA");
INSERT INTO ciudad VALUES("8606","8","REPELON");
INSERT INTO ciudad VALUES("8634","8","Sabanagrande");
INSERT INTO ciudad VALUES("8638","8","SABANALARGA");
INSERT INTO ciudad VALUES("8675","8","SANTA LUCiA");
INSERT INTO ciudad VALUES("8685","8","Santo Tomas");
INSERT INTO ciudad VALUES("8758","8","SOLEDAD");
INSERT INTO ciudad VALUES("8770","8","SUAN");
INSERT INTO ciudad VALUES("8832","8","TUBARA");
INSERT INTO ciudad VALUES("8849","8","USIACURi");
INSERT INTO ciudad VALUES("11001","11","BOGOTA D.C.");
INSERT INTO ciudad VALUES("13001","13","CARTAGENA");
INSERT INTO ciudad VALUES("13006","13","ACHÍ");
INSERT INTO ciudad VALUES("13030","13","ALTOS DEL ROSARIO");
INSERT INTO ciudad VALUES("13042","13","ARENAL");
INSERT INTO ciudad VALUES("13052","13","ARJONA");
INSERT INTO ciudad VALUES("13062","13","ARROYOHONDO");
INSERT INTO ciudad VALUES("13074","13","BARRANCO DE LOBA");
INSERT INTO ciudad VALUES("13140","13","CALAMAR");
INSERT INTO ciudad VALUES("13160","13","CANTAGALLO");
INSERT INTO ciudad VALUES("13188","13","CICUCO");
INSERT INTO ciudad VALUES("13212","13","CÓRDOBA");
INSERT INTO ciudad VALUES("13222","13","CLEMENCIA");
INSERT INTO ciudad VALUES("13244","13","CARMEN DE BOLÍVAR");
INSERT INTO ciudad VALUES("13248","13","EL GUAMO");
INSERT INTO ciudad VALUES("13268","13","EL PEÑON");
INSERT INTO ciudad VALUES("13300","13","HATILLO DE LOBA");
INSERT INTO ciudad VALUES("13430","13","MAGANGUÉ");
INSERT INTO ciudad VALUES("13433","13","MAHATES");
INSERT INTO ciudad VALUES("13440","13","MARGARITA");
INSERT INTO ciudad VALUES("13442","13","MARÍA LA BAJA");
INSERT INTO ciudad VALUES("13458","13","MONTECRISTO");
INSERT INTO ciudad VALUES("13468","13","MOMPÓS");
INSERT INTO ciudad VALUES("13473","13","MORALES");
INSERT INTO ciudad VALUES("13549","13","PINILLOS");
INSERT INTO ciudad VALUES("13580","13","REGIDOR");
INSERT INTO ciudad VALUES("13600","13","RÍO VIEJO");
INSERT INTO ciudad VALUES("13620","13","SAN CRISTOBAL");
INSERT INTO ciudad VALUES("13647","13","SAN ESTANISLAO");
INSERT INTO ciudad VALUES("13650","13","SAN FERNANDO");
INSERT INTO ciudad VALUES("13654","13","SAN JACINTO");
INSERT INTO ciudad VALUES("13655","13","SAN JACINTO DEL CAUCA");
INSERT INTO ciudad VALUES("13657","13","SAN JUAN NEPOMUCENO");
INSERT INTO ciudad VALUES("13667","13","SAN MARTIN DE LOBA");
INSERT INTO ciudad VALUES("13670","13","SAN PABLO");
INSERT INTO ciudad VALUES("13673","13","SANTA CATALINA");
INSERT INTO ciudad VALUES("13683","13","SANTA ROSA DE LIMA");
INSERT INTO ciudad VALUES("13688","13","SANTA ROSA DEL SUR");
INSERT INTO ciudad VALUES("13744","13","SIMITÍ");
INSERT INTO ciudad VALUES("13760","13","SOPLAVIENTO");
INSERT INTO ciudad VALUES("13780","13","TALAIGUA NUEVO");
INSERT INTO ciudad VALUES("13810","13","TIQUISIO");
INSERT INTO ciudad VALUES("13836","13","TURBACO");
INSERT INTO ciudad VALUES("13838","13","TURBANA");
INSERT INTO ciudad VALUES("13873","13","VILLANUEVA");
INSERT INTO ciudad VALUES("13894","13","ZAMBRANO");
INSERT INTO ciudad VALUES("15001","15","TUNJA");
INSERT INTO ciudad VALUES("15022","15","ALMEIDA");
INSERT INTO ciudad VALUES("15047","15","AQUITANIA");
INSERT INTO ciudad VALUES("15051","15","ARCABUCO");
INSERT INTO ciudad VALUES("15087","15","BELÉN");
INSERT INTO ciudad VALUES("15090","15","BERBEO");
INSERT INTO ciudad VALUES("15092","15","BETÉITIVA");
INSERT INTO ciudad VALUES("15097","15","BOAVITA");
INSERT INTO ciudad VALUES("15104","15","BOYACÁ");
INSERT INTO ciudad VALUES("15106","15","BRICEÑO");
INSERT INTO ciudad VALUES("15109","15","BUENAVISTA");
INSERT INTO ciudad VALUES("15114","15","BUSBANZÁ");
INSERT INTO ciudad VALUES("15131","15","CALDAS");
INSERT INTO ciudad VALUES("15135","15","CAMPOHERMOSO");
INSERT INTO ciudad VALUES("15162","15","CERINZA");
INSERT INTO ciudad VALUES("15172","15","CHINAVITA");
INSERT INTO ciudad VALUES("15176","15","CHIQUINQUIRÁ");
INSERT INTO ciudad VALUES("15180","15","CHISCAS");
INSERT INTO ciudad VALUES("15183","15","CHITA");
INSERT INTO ciudad VALUES("15185","15","CHITARAQUE");
INSERT INTO ciudad VALUES("15187","15","CHIVATÁ");
INSERT INTO ciudad VALUES("15189","15","CIÉNEGA");
INSERT INTO ciudad VALUES("15204","15","CÓMBITA");
INSERT INTO ciudad VALUES("15212","15","COPER");
INSERT INTO ciudad VALUES("15215","15","CORRALES");
INSERT INTO ciudad VALUES("15218","15","COVARACHÍA");
INSERT INTO ciudad VALUES("15223","15","CUBARÁ");
INSERT INTO ciudad VALUES("15224","15","CUCAITA");
INSERT INTO ciudad VALUES("15226","15","CUÍTIVA");
INSERT INTO ciudad VALUES("15232","15","CHÍQUIZA");
INSERT INTO ciudad VALUES("15236","15","CHIVOR");
INSERT INTO ciudad VALUES("15238","15","DUITAMA");
INSERT INTO ciudad VALUES("15244","15","EL COCUY");
INSERT INTO ciudad VALUES("15248","15","EL ESPINO");
INSERT INTO ciudad VALUES("15272","15","FIRAVITOBA");
INSERT INTO ciudad VALUES("15276","15","FLORESTA");
INSERT INTO ciudad VALUES("15293","15","GACHANTIVÁ");
INSERT INTO ciudad VALUES("15296","15","GAMEZA");
INSERT INTO ciudad VALUES("15299","15","GARAGOA");
INSERT INTO ciudad VALUES("15317","15","GUACAMAYAS");
INSERT INTO ciudad VALUES("15322","15","GUATEQUE");
INSERT INTO ciudad VALUES("15325","15","GUAYATÁ");
INSERT INTO ciudad VALUES("15332","15","GÜICÁN");
INSERT INTO ciudad VALUES("15362","15","IZA");
INSERT INTO ciudad VALUES("15367","15","JENESANO");
INSERT INTO ciudad VALUES("15368","15","JERICÓ");
INSERT INTO ciudad VALUES("15377","15","LABRANZAGRANDE");
INSERT INTO ciudad VALUES("15380","15","LA CAPILLA");
INSERT INTO ciudad VALUES("15401","15","LA VICTORIA");
INSERT INTO ciudad VALUES("15403","15","LA UVITA");
INSERT INTO ciudad VALUES("15407","15","VILLA DE LEYVA");
INSERT INTO ciudad VALUES("15425","15","MACANAL");
INSERT INTO ciudad VALUES("15442","15","MARIPÍ");
INSERT INTO ciudad VALUES("15455","15","MIRAFLORES");
INSERT INTO ciudad VALUES("15464","15","MONGUA");
INSERT INTO ciudad VALUES("15466","15","MONGUÍ");
INSERT INTO ciudad VALUES("15469","15","MONIQUIRÁ");
INSERT INTO ciudad VALUES("15476","15","MOTAVITA");
INSERT INTO ciudad VALUES("15480","15","MUZO");
INSERT INTO ciudad VALUES("15491","15","NOBSA");
INSERT INTO ciudad VALUES("15494","15","NUEVO COLÓN");
INSERT INTO ciudad VALUES("15500","15","OICATÁ");
INSERT INTO ciudad VALUES("15507","15","OTANCHE");
INSERT INTO ciudad VALUES("15511","15","PACHAVITA");
INSERT INTO ciudad VALUES("15514","15","PÁEZ");
INSERT INTO ciudad VALUES("15516","15","PAIPA");
INSERT INTO ciudad VALUES("15518","15","PAJARITO");
INSERT INTO ciudad VALUES("15522","15","PANQUEBA");
INSERT INTO ciudad VALUES("15531","15","PAUNA");
INSERT INTO ciudad VALUES("15533","15","PAYA");
INSERT INTO ciudad VALUES("15537","15","PAZ DE RÍO");
INSERT INTO ciudad VALUES("15542","15","PESCA");
INSERT INTO ciudad VALUES("15550","15","PISBA");
INSERT INTO ciudad VALUES("15572","15","PUERTO BOYACa");
INSERT INTO ciudad VALUES("15580","15","QUÍPAMA");
INSERT INTO ciudad VALUES("15599","15","RAMIRIQUÍ");
INSERT INTO ciudad VALUES("15600","15","RÁQUIRA");
INSERT INTO ciudad VALUES("15621","15","RONDÓN");
INSERT INTO ciudad VALUES("15632","15","SABOYÁ");
INSERT INTO ciudad VALUES("15638","15","SÁCHICA");
INSERT INTO ciudad VALUES("15646","15","SAMACÁ");
INSERT INTO ciudad VALUES("15660","15","SAN EDUARDO");
INSERT INTO ciudad VALUES("15664","15","SAN JOSÉ DE PARE");
INSERT INTO ciudad VALUES("15667","15","SAN LUIS DE GACENO");
INSERT INTO ciudad VALUES("15673","15","SAN MATEO");
INSERT INTO ciudad VALUES("15676","15","SAN MIGUEL DE SEMA");
INSERT INTO ciudad VALUES("15681","15","SAN PABLO BORBUR");
INSERT INTO ciudad VALUES("15686","15","SANTANA");
INSERT INTO ciudad VALUES("15690","15","SANTA MARÍA");
INSERT INTO ciudad VALUES("15693","15","SAN ROSA VITERBO");
INSERT INTO ciudad VALUES("15696","15","SANTA SOFÍA");
INSERT INTO ciudad VALUES("15720","15","SATIVANORTE");
INSERT INTO ciudad VALUES("15723","15","SATIVASUR");
INSERT INTO ciudad VALUES("15740","15","SIACHOQUE");
INSERT INTO ciudad VALUES("15753","15","SOATÁ");
INSERT INTO ciudad VALUES("15755","15","SOCOTÁ");
INSERT INTO ciudad VALUES("15757","15","SOCHA");
INSERT INTO ciudad VALUES("15759","15","SOGAMOSO");
INSERT INTO ciudad VALUES("15761","15","SOMONDOCO");
INSERT INTO ciudad VALUES("15762","15","SORA");
INSERT INTO ciudad VALUES("15763","15","SOTAQUIRÁ");
INSERT INTO ciudad VALUES("15764","15","SORACÁ");
INSERT INTO ciudad VALUES("15774","15","SUSACÓN");
INSERT INTO ciudad VALUES("15776","15","SUTAMARCHÁN");
INSERT INTO ciudad VALUES("15778","15","SUTATENZA");
INSERT INTO ciudad VALUES("15790","15","TASCO");
INSERT INTO ciudad VALUES("15798","15","TENZA");
INSERT INTO ciudad VALUES("15804","15","TIBANÁ");
INSERT INTO ciudad VALUES("15806","15","TIBASOSA");
INSERT INTO ciudad VALUES("15808","15","TINJACÁ");
INSERT INTO ciudad VALUES("15810","15","TIPACOQUE");
INSERT INTO ciudad VALUES("15814","15","TOCA");
INSERT INTO ciudad VALUES("15816","15","TOGÜÍ");
INSERT INTO ciudad VALUES("15820","15","TÓPAGA");
INSERT INTO ciudad VALUES("15822","15","TOTA");
INSERT INTO ciudad VALUES("15832","15","TUNUNGUÁ");
INSERT INTO ciudad VALUES("15835","15","TURMEQUÉ");
INSERT INTO ciudad VALUES("15837","15","TUTA");
INSERT INTO ciudad VALUES("15839","15","TUTAZÁ");
INSERT INTO ciudad VALUES("15842","15","UMBITA");
INSERT INTO ciudad VALUES("15861","15","VENTAQUEMADA");
INSERT INTO ciudad VALUES("15879","15","VIRACACHÁ");
INSERT INTO ciudad VALUES("15897","15","ZETAQUIRA");
INSERT INTO ciudad VALUES("17001","17","MANIZALES");
INSERT INTO ciudad VALUES("17013","17","AGUADAS");
INSERT INTO ciudad VALUES("17042","17","ANSERMA");
INSERT INTO ciudad VALUES("17050","17","ARANZAZU");
INSERT INTO ciudad VALUES("17088","17","BELALCÁZAR");
INSERT INTO ciudad VALUES("17174","17","CHINCHINa");
INSERT INTO ciudad VALUES("17272","17","FILADELFIA");
INSERT INTO ciudad VALUES("17380","17","LA DORADA");
INSERT INTO ciudad VALUES("17388","17","LA MERCED");
INSERT INTO ciudad VALUES("17433","17","MANZANARES");
INSERT INTO ciudad VALUES("17442","17","MARMATO");
INSERT INTO ciudad VALUES("17444","17","MARQUETALIA");
INSERT INTO ciudad VALUES("17446","17","MARULANDA");
INSERT INTO ciudad VALUES("17486","17","NEIRA");
INSERT INTO ciudad VALUES("17495","17","NORCASIA");
INSERT INTO ciudad VALUES("17513","17","PÁCORA");
INSERT INTO ciudad VALUES("17524","17","PALESTINA");
INSERT INTO ciudad VALUES("17541","17","PENSILVANIA");
INSERT INTO ciudad VALUES("17614","17","RIOSUCIO");
INSERT INTO ciudad VALUES("17616","17","RISARALDA");
INSERT INTO ciudad VALUES("17653","17","SALAMINA");
INSERT INTO ciudad VALUES("17662","17","SAMANÁ");
INSERT INTO ciudad VALUES("17665","17","SAN JOSÉ");
INSERT INTO ciudad VALUES("17777","17","SUPÍA");
INSERT INTO ciudad VALUES("17867","17","VICTORIA");
INSERT INTO ciudad VALUES("17873","17","VILLAMARiA");
INSERT INTO ciudad VALUES("17877","17","VITERBO");
INSERT INTO ciudad VALUES("18001","18","FLORENCIA");
INSERT INTO ciudad VALUES("18029","18","ALBANIA");
INSERT INTO ciudad VALUES("18094","18","BELÉN DE LOS ANDAQUIES");
INSERT INTO ciudad VALUES("18150","18","CARTAGENA DEL CHAIRÁ");
INSERT INTO ciudad VALUES("18205","18","CURRILLO");
INSERT INTO ciudad VALUES("18247","18","EL DONCELLO");
INSERT INTO ciudad VALUES("18256","18","EL PAUJIL");
INSERT INTO ciudad VALUES("18410","18","LA MONTAÑITA");
INSERT INTO ciudad VALUES("18460","18","MILaN");
INSERT INTO ciudad VALUES("18479","18","MORELIA");
INSERT INTO ciudad VALUES("18592","18","PUERTO RICO");
INSERT INTO ciudad VALUES("18610","18","SAN JOSE DEL FRAGUA");
INSERT INTO ciudad VALUES("18753","18","SAN VICENTE DEL CAGUÁN");
INSERT INTO ciudad VALUES("18756","18","SOLANO");
INSERT INTO ciudad VALUES("18785","18","SOLITA");
INSERT INTO ciudad VALUES("18860","18","VALPARAISO");
INSERT INTO ciudad VALUES("19001","19","POPAYÁN");
INSERT INTO ciudad VALUES("19022","19","ALMAGUER");
INSERT INTO ciudad VALUES("19050","19","ARGELIA");
INSERT INTO ciudad VALUES("19075","19","BALBOA");
INSERT INTO ciudad VALUES("19100","19","BOLÍVAR");
INSERT INTO ciudad VALUES("19110","19","BUENOS AIRES");
INSERT INTO ciudad VALUES("19130","19","CAJIBÍO");
INSERT INTO ciudad VALUES("19137","19","CALDONO");
INSERT INTO ciudad VALUES("19142","19","CALOTO");
INSERT INTO ciudad VALUES("19212","19","CORINTO");
INSERT INTO ciudad VALUES("19256","19","EL TAMBO");
INSERT INTO ciudad VALUES("19290","19","FLORENCIA");
INSERT INTO ciudad VALUES("19318","19","GUAPI");
INSERT INTO ciudad VALUES("19355","19","INZÁ");
INSERT INTO ciudad VALUES("19364","19","JAMBALO");
INSERT INTO ciudad VALUES("19392","19","LA SIERRA");
INSERT INTO ciudad VALUES("19397","19","LA VEGA");
INSERT INTO ciudad VALUES("19418","19","LOPEZ");
INSERT INTO ciudad VALUES("19450","19","MERCADERES");
INSERT INTO ciudad VALUES("19455","19","MIRANDA");
INSERT INTO ciudad VALUES("19473","19","MORALES");
INSERT INTO ciudad VALUES("19513","19","PADILLA");
INSERT INTO ciudad VALUES("19517","19","PAEZ");
INSERT INTO ciudad VALUES("19532","19","PATIA");
INSERT INTO ciudad VALUES("19533","19","PIAMONTE");
INSERT INTO ciudad VALUES("19548","19","PIENDAMO");
INSERT INTO ciudad VALUES("19573","19","PUERTO TEJADA");
INSERT INTO ciudad VALUES("19585","19","PURACE");
INSERT INTO ciudad VALUES("19622","19","ROSAS");
INSERT INTO ciudad VALUES("19693","19","SAN SEBASTIAN");
INSERT INTO ciudad VALUES("19698","19","SANTANDER DE QUILICHAO");
INSERT INTO ciudad VALUES("19701","19","SANTA ROSA");
INSERT INTO ciudad VALUES("19743","19","Silvia");
INSERT INTO ciudad VALUES("19760","19","SOTARA");
INSERT INTO ciudad VALUES("19780","19","SUAREZ");
INSERT INTO ciudad VALUES("19785","19","SUCRE");
INSERT INTO ciudad VALUES("19807","19","TIMBIO");
INSERT INTO ciudad VALUES("19809","19","TIMBIQUI");
INSERT INTO ciudad VALUES("19821","19","TORIBIO");
INSERT INTO ciudad VALUES("19824","19","TOTORO");
INSERT INTO ciudad VALUES("19845","19","VILLA RICA");
INSERT INTO ciudad VALUES("20001","20","VALLEDUPAR");
INSERT INTO ciudad VALUES("20011","20","AGUACHICA");
INSERT INTO ciudad VALUES("20013","20","AGUSTÍN CODAZZI");
INSERT INTO ciudad VALUES("20032","20","ASTREA");
INSERT INTO ciudad VALUES("20045","20","BECERRIL");
INSERT INTO ciudad VALUES("20060","20","BOSCONIA");
INSERT INTO ciudad VALUES("20175","20","CHIMICHAGUA");
INSERT INTO ciudad VALUES("20178","20","CHIRIGUANA");
INSERT INTO ciudad VALUES("20228","20","CURUMANÍ");
INSERT INTO ciudad VALUES("20238","20","EL COPEY");
INSERT INTO ciudad VALUES("20250","20","EL PASO");
INSERT INTO ciudad VALUES("20295","20","GAMARRA");
INSERT INTO ciudad VALUES("20310","20","GONZÁLEZ");
INSERT INTO ciudad VALUES("20383","20","LA GLORIA");
INSERT INTO ciudad VALUES("20400","20","LA JAGUA DE IBIRICO");
INSERT INTO ciudad VALUES("20443","20","MANAURE");
INSERT INTO ciudad VALUES("20517","20","PAILITAS");
INSERT INTO ciudad VALUES("20550","20","PELAYA");
INSERT INTO ciudad VALUES("20570","20","PUEBLO BELLO");
INSERT INTO ciudad VALUES("20614","20","RÍO DE ORO");
INSERT INTO ciudad VALUES("20621","20","LA PAZ");
INSERT INTO ciudad VALUES("20710","20","SAN ALBERTO");
INSERT INTO ciudad VALUES("20750","20","SAN DIEGO");
INSERT INTO ciudad VALUES("20770","20","SAN MARTÍN");
INSERT INTO ciudad VALUES("20787","20","TAMALAMEQUE");
INSERT INTO ciudad VALUES("23001","23","MONTERÍA");
INSERT INTO ciudad VALUES("23068","23","AYAPEL");
INSERT INTO ciudad VALUES("23079","23","BUENAVISTA");
INSERT INTO ciudad VALUES("23090","23","CANALETE");
INSERT INTO ciudad VALUES("23162","23","CERETÉ");
INSERT INTO ciudad VALUES("23168","23","CHIMÁ");
INSERT INTO ciudad VALUES("23182","23","CHINÚ");
INSERT INTO ciudad VALUES("23189","23","CIÉNAGA DE ORO");
INSERT INTO ciudad VALUES("23300","23","COTORRA");
INSERT INTO ciudad VALUES("23350","23","LA APARTADA");
INSERT INTO ciudad VALUES("23417","23","LORICA");
INSERT INTO ciudad VALUES("23419","23","LOS CÓRDOBAS");
INSERT INTO ciudad VALUES("23464","23","MOMIL");
INSERT INTO ciudad VALUES("23466","23","MONTELÍBANO");
INSERT INTO ciudad VALUES("23500","23","MOÑITOS");
INSERT INTO ciudad VALUES("23555","23","PLANETA RICA");
INSERT INTO ciudad VALUES("23570","23","PUEBLO NUEVO");
INSERT INTO ciudad VALUES("23574","23","PUERTO ESCONDIDO");
INSERT INTO ciudad VALUES("23580","23","PUERTO LIBERTADOR");
INSERT INTO ciudad VALUES("23586","23","PURÍSIMA");
INSERT INTO ciudad VALUES("23660","23","SAHAGÚN");
INSERT INTO ciudad VALUES("23670","23","SAN ANDRÉS SOTAVENTO");
INSERT INTO ciudad VALUES("23672","23","SAN ANTERO");
INSERT INTO ciudad VALUES("23675","23","SAN BERNARDO DEL VIENTO");
INSERT INTO ciudad VALUES("23678","23","SAN CARLOS");
INSERT INTO ciudad VALUES("23686","23","SAN PELAYO");
INSERT INTO ciudad VALUES("23807","23","TIERRALTA");
INSERT INTO ciudad VALUES("23855","23","VALENCIA");
INSERT INTO ciudad VALUES("25001","25","AGUA DE DIOS");
INSERT INTO ciudad VALUES("25019","25","ALBÁN");
INSERT INTO ciudad VALUES("25035","25","ANAPOIMA");
INSERT INTO ciudad VALUES("25040","25","ANOLAIMA");
INSERT INTO ciudad VALUES("25053","25","ARBELÁEZ");
INSERT INTO ciudad VALUES("25086","25","BELTRÁN");
INSERT INTO ciudad VALUES("25095","25","BITUIMA");
INSERT INTO ciudad VALUES("25099","25","BOJACÁ");
INSERT INTO ciudad VALUES("25120","25","CABRERA");
INSERT INTO ciudad VALUES("25123","25","CACHIPAY");
INSERT INTO ciudad VALUES("25126","25","CAJICÁ");
INSERT INTO ciudad VALUES("25148","25","CAPARRAPÍ");
INSERT INTO ciudad VALUES("25151","25","CAQUEZA");
INSERT INTO ciudad VALUES("25154","25","CARMEN DE CARUPA");
INSERT INTO ciudad VALUES("25168","25","CHAGUANÍ");
INSERT INTO ciudad VALUES("25175","25","CHÍA");
INSERT INTO ciudad VALUES("25178","25","CHIPAQUE");
INSERT INTO ciudad VALUES("25181","25","CHOACHÍ");
INSERT INTO ciudad VALUES("25183","25","CHOCONTÁ");
INSERT INTO ciudad VALUES("25200","25","COGUA");
INSERT INTO ciudad VALUES("25214","25","COTA");
INSERT INTO ciudad VALUES("25224","25","CUCUNUBÁ");
INSERT INTO ciudad VALUES("25245","25","EL COLEGIO");
INSERT INTO ciudad VALUES("25258","25","EL PEÑÓN");
INSERT INTO ciudad VALUES("25260","25","EL ROSAL");
INSERT INTO ciudad VALUES("25269","25","FACATATIVÁ");
INSERT INTO ciudad VALUES("25279","25","FOMEQUE");
INSERT INTO ciudad VALUES("25281","25","FOSCA");
INSERT INTO ciudad VALUES("25286","25","FUNZA");
INSERT INTO ciudad VALUES("25288","25","FÚQUENE");
INSERT INTO ciudad VALUES("25290","25","FUSAGASUGÁ");
INSERT INTO ciudad VALUES("25293","25","GACHALA");
INSERT INTO ciudad VALUES("25295","25","GACHANCIPÁ");
INSERT INTO ciudad VALUES("25297","25","GACHETA");
INSERT INTO ciudad VALUES("25299","25","GAMA");
INSERT INTO ciudad VALUES("25307","25","GIRARDOT");
INSERT INTO ciudad VALUES("25312","25","GRANADA");
INSERT INTO ciudad VALUES("25317","25","GUACHETÁ");
INSERT INTO ciudad VALUES("25320","25","GUADUAS");
INSERT INTO ciudad VALUES("25322","25","GUASCA");
INSERT INTO ciudad VALUES("25324","25","GUATAQUÍ");
INSERT INTO ciudad VALUES("25326","25","GUATAVITA");
INSERT INTO ciudad VALUES("25328","25","GUAYABAL DE SIQUIMA");
INSERT INTO ciudad VALUES("25335","25","GUAYABETAL");
INSERT INTO ciudad VALUES("25339","25","GUTIÉRREZ");
INSERT INTO ciudad VALUES("25368","25","JERUSALÉN");
INSERT INTO ciudad VALUES("25372","25","JUNÍN");
INSERT INTO ciudad VALUES("25377","25","LA CALERA");
INSERT INTO ciudad VALUES("25386","25","LA MESA");
INSERT INTO ciudad VALUES("25394","25","LA PALMA");
INSERT INTO ciudad VALUES("25398","25","LA PEÑA");
INSERT INTO ciudad VALUES("25402","25","LA VEGA");
INSERT INTO ciudad VALUES("25407","25","LENGUAZAQUE");
INSERT INTO ciudad VALUES("25426","25","MACHETA");
INSERT INTO ciudad VALUES("25430","25","MADRID");
INSERT INTO ciudad VALUES("25436","25","MANTA");
INSERT INTO ciudad VALUES("25438","25","MEDINA");
INSERT INTO ciudad VALUES("25473","25","MOSQUERA");
INSERT INTO ciudad VALUES("25483","25","NARIÑO");
INSERT INTO ciudad VALUES("25486","25","NEMOCoN");
INSERT INTO ciudad VALUES("25488","25","NILO");
INSERT INTO ciudad VALUES("25489","25","NIMAIMA");
INSERT INTO ciudad VALUES("25491","25","NOCAIMA");
INSERT INTO ciudad VALUES("25506","25","VENECIA");
INSERT INTO ciudad VALUES("25513","25","PACHO");
INSERT INTO ciudad VALUES("25518","25","PAIME");
INSERT INTO ciudad VALUES("25524","25","PANDI");
INSERT INTO ciudad VALUES("25530","25","PARATEBUENO");
INSERT INTO ciudad VALUES("25535","25","PASCA");
INSERT INTO ciudad VALUES("25572","25","PUERTO SALGAR");
INSERT INTO ciudad VALUES("25580","25","PULI");
INSERT INTO ciudad VALUES("25592","25","QUEBRADANEGRA");
INSERT INTO ciudad VALUES("25594","25","QUETAME");
INSERT INTO ciudad VALUES("25596","25","QUIPILE");
INSERT INTO ciudad VALUES("25599","25","APULO");
INSERT INTO ciudad VALUES("25612","25","RICAURTE");
INSERT INTO ciudad VALUES("25645","25","SAN ANTONIO DE TEQUENDAMA");
INSERT INTO ciudad VALUES("25649","25","SAN BERNARDO");
INSERT INTO ciudad VALUES("25653","25","SAN CAYETANO");
INSERT INTO ciudad VALUES("25658","25","SAN FRANCISCO");
INSERT INTO ciudad VALUES("25662","25","SAN JUAN DE RÍO SECO");
INSERT INTO ciudad VALUES("25718","25","SASAIMA");
INSERT INTO ciudad VALUES("25736","25","SESQUILÉ");
INSERT INTO ciudad VALUES("25740","25","SIBATÉ");
INSERT INTO ciudad VALUES("25743","25","SILVANIA");
INSERT INTO ciudad VALUES("25745","25","SIMIJACA");
INSERT INTO ciudad VALUES("25754","25","SOACHA");
INSERT INTO ciudad VALUES("25758","25","SOPÓ");
INSERT INTO ciudad VALUES("25769","25","SUBACHOQUE");
INSERT INTO ciudad VALUES("25772","25","SUESCA");
INSERT INTO ciudad VALUES("25777","25","SUPATÁ");
INSERT INTO ciudad VALUES("25779","25","SUSA");
INSERT INTO ciudad VALUES("25781","25","SUTATAUSA");
INSERT INTO ciudad VALUES("25785","25","TABIO");
INSERT INTO ciudad VALUES("25793","25","TAUSA");
INSERT INTO ciudad VALUES("25797","25","TENA");
INSERT INTO ciudad VALUES("25799","25","TENJO");
INSERT INTO ciudad VALUES("25805","25","TIBACUY");
INSERT INTO ciudad VALUES("25807","25","TIBIRITA");
INSERT INTO ciudad VALUES("25815","25","TOCAIMA");
INSERT INTO ciudad VALUES("25817","25","TOCANCIPÁ");
INSERT INTO ciudad VALUES("25823","25","TOPAIPI");
INSERT INTO ciudad VALUES("25839","25","UBALÁ");
INSERT INTO ciudad VALUES("25841","25","UBAQUE");
INSERT INTO ciudad VALUES("25843","25","UBATE");
INSERT INTO ciudad VALUES("25845","25","UNE");
INSERT INTO ciudad VALUES("25851","25","ÚTICA");
INSERT INTO ciudad VALUES("25862","25","VERGARA");
INSERT INTO ciudad VALUES("25867","25","VIANÍ");
INSERT INTO ciudad VALUES("25871","25","VILLAGOMEZ");
INSERT INTO ciudad VALUES("25873","25","VILLAPINZÓN");
INSERT INTO ciudad VALUES("25875","25","VILLETA");
INSERT INTO ciudad VALUES("25878","25","VIOTÁ");
INSERT INTO ciudad VALUES("25885","25","YACOPÍ");
INSERT INTO ciudad VALUES("25898","25","ZIPACoN");
INSERT INTO ciudad VALUES("25899","25","ZIPAQUIRÁ");
INSERT INTO ciudad VALUES("27001","27","QUIBDÓ");
INSERT INTO ciudad VALUES("27006","27","ACANDÍ");
INSERT INTO ciudad VALUES("27025","27","ALTO BAUDÓ");
INSERT INTO ciudad VALUES("27050","27","ATRATO");
INSERT INTO ciudad VALUES("27073","27","BAGADÓ");
INSERT INTO ciudad VALUES("27075","27","BAHÍA SOLANO");
INSERT INTO ciudad VALUES("27077","27","BAJO BAUDÓ");
INSERT INTO ciudad VALUES("27086","27","BELÉN DE BAJIRA");
INSERT INTO ciudad VALUES("27099","27","BOJAYA");
INSERT INTO ciudad VALUES("27135","27","CANTON DE SAN PABLO");
INSERT INTO ciudad VALUES("27150","27","CARMÉN DEL DARIÉN");
INSERT INTO ciudad VALUES("27160","27","CERTEGUI");
INSERT INTO ciudad VALUES("27205","27","CONDOTO");
INSERT INTO ciudad VALUES("27245","27","EL CARMEN DE ATRATO");
INSERT INTO ciudad VALUES("27250","27","El Litoral del San Juan");
INSERT INTO ciudad VALUES("27361","27","ITSMINA");
INSERT INTO ciudad VALUES("27372","27","JURADÓ");
INSERT INTO ciudad VALUES("27413","27","LLORÓ");
INSERT INTO ciudad VALUES("27425","27","MEDIO ATRATO");
INSERT INTO ciudad VALUES("27430","27","MEDIO BAUDÓ");
INSERT INTO ciudad VALUES("27450","27","MEDIO SAN JUAN");
INSERT INTO ciudad VALUES("27491","27","NÓVITA");
INSERT INTO ciudad VALUES("27495","27","NUQUÍ");
INSERT INTO ciudad VALUES("27580","27","RÍO FRÍO");
INSERT INTO ciudad VALUES("27600","27","RIO QUITO");
INSERT INTO ciudad VALUES("27615","27","RIOSUCIO");
INSERT INTO ciudad VALUES("27660","27","SAN JOSÉ DEL PALMAR");
INSERT INTO ciudad VALUES("27745","27","SIPÍ");
INSERT INTO ciudad VALUES("27787","27","TADÓ");
INSERT INTO ciudad VALUES("27800","27","UNGUÍA");
INSERT INTO ciudad VALUES("27810","27","UNION PANAMERICANA");
INSERT INTO ciudad VALUES("41001","41","NEIVA");
INSERT INTO ciudad VALUES("41006","41","ACEVEDO");
INSERT INTO ciudad VALUES("41013","41","AGRADO");
INSERT INTO ciudad VALUES("41016","41","AIPE");
INSERT INTO ciudad VALUES("41020","41","ALGECIRAS");
INSERT INTO ciudad VALUES("41026","41","ALTAMIRA");
INSERT INTO ciudad VALUES("41078","41","BARAYA");
INSERT INTO ciudad VALUES("41132","41","CAMPOALEGRE");
INSERT INTO ciudad VALUES("41206","41","COLOMBIA");
INSERT INTO ciudad VALUES("41244","41","ELÍAS");
INSERT INTO ciudad VALUES("41298","41","GARZÓN");
INSERT INTO ciudad VALUES("41306","41","GIGANTE");
INSERT INTO ciudad VALUES("41319","41","GUADALUPE");
INSERT INTO ciudad VALUES("41349","41","HOBO");
INSERT INTO ciudad VALUES("41357","41","IQUIRA");
INSERT INTO ciudad VALUES("41359","41","ISNOS");
INSERT INTO ciudad VALUES("41378","41","LA ARGENTINA");
INSERT INTO ciudad VALUES("41396","41","LA PLATA");
INSERT INTO ciudad VALUES("41483","41","NÁTAGA");
INSERT INTO ciudad VALUES("41503","41","OPORAPA");
INSERT INTO ciudad VALUES("41518","41","PAICOL");
INSERT INTO ciudad VALUES("41524","41","PALERMO");
INSERT INTO ciudad VALUES("41530","41","PALESTINA");
INSERT INTO ciudad VALUES("41548","41","PITAL");
INSERT INTO ciudad VALUES("41551","41","PITALITO");
INSERT INTO ciudad VALUES("41615","41","RIVERA");
INSERT INTO ciudad VALUES("41660","41","SALADOBLANCO");
INSERT INTO ciudad VALUES("41668","41","SAN AGUSTÍN");
INSERT INTO ciudad VALUES("41676","41","SANTA MARÍA");
INSERT INTO ciudad VALUES("41770","41","SUAZA");
INSERT INTO ciudad VALUES("41791","41","TARQUI");
INSERT INTO ciudad VALUES("41797","41","TESALIA");
INSERT INTO ciudad VALUES("41799","41","TELLO");
INSERT INTO ciudad VALUES("41801","41","TERUEL");
INSERT INTO ciudad VALUES("41807","41","TIMANÁ");
INSERT INTO ciudad VALUES("41872","41","VILLAVIEJA");
INSERT INTO ciudad VALUES("41885","41","YAGUARÁ");
INSERT INTO ciudad VALUES("44001","44","RIOHACHA");
INSERT INTO ciudad VALUES("44035","44","ALBANIA");
INSERT INTO ciudad VALUES("44078","44","BARRANCAS");
INSERT INTO ciudad VALUES("44090","44","DIBULLA");
INSERT INTO ciudad VALUES("44098","44","DISTRACCION");
INSERT INTO ciudad VALUES("44110","44","EL MOLINO");
INSERT INTO ciudad VALUES("44279","44","FONSECA");
INSERT INTO ciudad VALUES("44378","44","HATONUEVO");
INSERT INTO ciudad VALUES("44420","44","LA JAGUA DEL PILAR");
INSERT INTO ciudad VALUES("44430","44","MAICAO");
INSERT INTO ciudad VALUES("44560","44","MANAURE");
INSERT INTO ciudad VALUES("44650","44","SAN JUAN DEL CESAR");
INSERT INTO ciudad VALUES("44847","44","URIBIA");
INSERT INTO ciudad VALUES("44855","44","URUMITA");
INSERT INTO ciudad VALUES("44874","44","VILLANUEVA");
INSERT INTO ciudad VALUES("47001","47","SANTA MARTA");
INSERT INTO ciudad VALUES("47030","47","ALGARROBO");
INSERT INTO ciudad VALUES("47053","47","ARACATACA");
INSERT INTO ciudad VALUES("47058","47","ARIGUANÍ");
INSERT INTO ciudad VALUES("47161","47","CERRO SAN ANTONIO");
INSERT INTO ciudad VALUES("47170","47","CHIBOLO");
INSERT INTO ciudad VALUES("47189","47","CIÉNAGA");
INSERT INTO ciudad VALUES("47205","47","CONCORDIA");
INSERT INTO ciudad VALUES("47245","47","EL BANCO");
INSERT INTO ciudad VALUES("47258","47","EL PIÑON");
INSERT INTO ciudad VALUES("47268","47","EL RETEN");
INSERT INTO ciudad VALUES("47288","47","FUNDACION");
INSERT INTO ciudad VALUES("47318","47","GUAMAL");
INSERT INTO ciudad VALUES("47460","47","NUEVA GRANADA");
INSERT INTO ciudad VALUES("47541","47","PEDRAZA");
INSERT INTO ciudad VALUES("47545","47","PIJIÑO DEL CARMEN");
INSERT INTO ciudad VALUES("47551","47","PIVIJAY");
INSERT INTO ciudad VALUES("47555","47","PLATO");
INSERT INTO ciudad VALUES("47570","47","PUEBLO VIEJO");
INSERT INTO ciudad VALUES("47605","47","REMOLINO");
INSERT INTO ciudad VALUES("47660","47","SABANAS DE SAN ANGEL");
INSERT INTO ciudad VALUES("47675","47","SALAMINA");
INSERT INTO ciudad VALUES("47692","47","SAN SEBASTIAN DE BUENAVISTA");
INSERT INTO ciudad VALUES("47703","47","SAN ZENON");
INSERT INTO ciudad VALUES("47707","47","SANTA ANA");
INSERT INTO ciudad VALUES("47720","47","SANTA BARBARA DE PINTO");
INSERT INTO ciudad VALUES("47745","47","SITIONUEVO");
INSERT INTO ciudad VALUES("47798","47","TENERIFE");
INSERT INTO ciudad VALUES("47960","47","ZAPAYAN");
INSERT INTO ciudad VALUES("47980","47","ZONA BANANERA");
INSERT INTO ciudad VALUES("50001","50","VILLAVICENCIO");
INSERT INTO ciudad VALUES("50006","50","ACACiAS");
INSERT INTO ciudad VALUES("50110","50","BARRANCA DE UPIA");
INSERT INTO ciudad VALUES("50124","50","CABUYARO");
INSERT INTO ciudad VALUES("50150","50","CASTILLA LA NUEVA");
INSERT INTO ciudad VALUES("50223","50","SAN LUIS DE CUBARRAL");
INSERT INTO ciudad VALUES("50226","50","CUMARAL");
INSERT INTO ciudad VALUES("50245","50","EL CALVARIO");
INSERT INTO ciudad VALUES("50251","50","EL CASTILLO");
INSERT INTO ciudad VALUES("50270","50","EL DORADO");
INSERT INTO ciudad VALUES("50287","50","FUENTE DE ORO");
INSERT INTO ciudad VALUES("50313","50","GRANADA");
INSERT INTO ciudad VALUES("50318","50","GUAMAL");
INSERT INTO ciudad VALUES("50325","50","MAPIRIPaN");
INSERT INTO ciudad VALUES("50330","50","MESETAS");
INSERT INTO ciudad VALUES("50350","50","LA MACARENA");
INSERT INTO ciudad VALUES("50370","50","LA URIBE");
INSERT INTO ciudad VALUES("50400","50","LEJANÍAS");
INSERT INTO ciudad VALUES("50450","50","PUERTO CONCORDIA");
INSERT INTO ciudad VALUES("50568","50","PUERTO GAITÁN");
INSERT INTO ciudad VALUES("50573","50","PUERTO LoPEZ");
INSERT INTO ciudad VALUES("50577","50","PUERTO LLERAS");
INSERT INTO ciudad VALUES("50590","50","PUERTO RICO");
INSERT INTO ciudad VALUES("50606","50","RESTREPO");
INSERT INTO ciudad VALUES("50680","50","SAN CARLOS GUAROA");
INSERT INTO ciudad VALUES("50683","50","SAN JUAN DE ARAMA");
INSERT INTO ciudad VALUES("50686","50","SAN JUANITO");
INSERT INTO ciudad VALUES("50689","50","SAN MARTÍN");
INSERT INTO ciudad VALUES("50711","50","VISTA HERMOSA");
INSERT INTO ciudad VALUES("52001","52","PASTO");
INSERT INTO ciudad VALUES("52019","52","ALBAN");
INSERT INTO ciudad VALUES("52022","52","ALDANA");
INSERT INTO ciudad VALUES("52036","52","ANCUYA");
INSERT INTO ciudad VALUES("52051","52","ARBOLEDA");
INSERT INTO ciudad VALUES("52079","52","BARBACOAS");
INSERT INTO ciudad VALUES("52083","52","BELEN");
INSERT INTO ciudad VALUES("52110","52","BUESACO");
INSERT INTO ciudad VALUES("52203","52","COLON");
INSERT INTO ciudad VALUES("52207","52","CONSACA");
INSERT INTO ciudad VALUES("52210","52","CONTADERO");
INSERT INTO ciudad VALUES("52215","52","CÓRDOBA");
INSERT INTO ciudad VALUES("52224","52","CUASPUD");
INSERT INTO ciudad VALUES("52227","52","CUMBAL");
INSERT INTO ciudad VALUES("52233","52","CUMBITARA");
INSERT INTO ciudad VALUES("52240","52","CHACHAGUI");
INSERT INTO ciudad VALUES("52250","52","EL CHARCO");
INSERT INTO ciudad VALUES("52254","52","EL PEÑOL");
INSERT INTO ciudad VALUES("52256","52","EL ROSARIO");
INSERT INTO ciudad VALUES("52258","52","El Tablon de Gomez");
INSERT INTO ciudad VALUES("52260","52","EL TAMBO");
INSERT INTO ciudad VALUES("52287","52","FUNES");
INSERT INTO ciudad VALUES("52317","52","GUACHUCAL");
INSERT INTO ciudad VALUES("52320","52","GUAITARILLA");
INSERT INTO ciudad VALUES("52323","52","GUALMATAN");
INSERT INTO ciudad VALUES("52352","52","ILES");
INSERT INTO ciudad VALUES("52354","52","IMUES");
INSERT INTO ciudad VALUES("52356","52","IPIALES");
INSERT INTO ciudad VALUES("52378","52","LA CRUZ");
INSERT INTO ciudad VALUES("52381","52","LA FLORIDA");
INSERT INTO ciudad VALUES("52385","52","LA LLANADA");
INSERT INTO ciudad VALUES("52390","52","LA TOLA");
INSERT INTO ciudad VALUES("52399","52","LA UNION");
INSERT INTO ciudad VALUES("52405","52","LEIVA");
INSERT INTO ciudad VALUES("52411","52","LINARES");
INSERT INTO ciudad VALUES("52418","52","LOS ANDES");
INSERT INTO ciudad VALUES("52427","52","Magui");
INSERT INTO ciudad VALUES("52435","52","MALLAMA");
INSERT INTO ciudad VALUES("52473","52","MOSQUERA");
INSERT INTO ciudad VALUES("52480","52","NARIÑO");
INSERT INTO ciudad VALUES("52490","52","OLAYA HERRERA");
INSERT INTO ciudad VALUES("52506","52","OSPINA");
INSERT INTO ciudad VALUES("52520","52","FRANCISCO PIZARRO");
INSERT INTO ciudad VALUES("52540","52","POLICARPA");
INSERT INTO ciudad VALUES("52560","52","POTOSÍ");
INSERT INTO ciudad VALUES("52565","52","PROVIDENCIA");
INSERT INTO ciudad VALUES("52573","52","PUERRES");
INSERT INTO ciudad VALUES("52585","52","PUPIALES");
INSERT INTO ciudad VALUES("52612","52","RICAURTE");
INSERT INTO ciudad VALUES("52621","52","ROBERTO PAYAN");
INSERT INTO ciudad VALUES("52678","52","SAMANIEGO");
INSERT INTO ciudad VALUES("52683","52","SANDONÁ");
INSERT INTO ciudad VALUES("52685","52","SAN BERNARDO");
INSERT INTO ciudad VALUES("52687","52","SAN LORENZO");
INSERT INTO ciudad VALUES("52693","52","SAN PABLO");
INSERT INTO ciudad VALUES("52694","52","SAN PEDRO DE CARTAGO");
INSERT INTO ciudad VALUES("52696","52","SANTA BaRBARA");
INSERT INTO ciudad VALUES("52699","52","SANTA CRUZ");
INSERT INTO ciudad VALUES("52720","52","SAPUYES");
INSERT INTO ciudad VALUES("52786","52","TAMINANGO");
INSERT INTO ciudad VALUES("52788","52","TANGUA");
INSERT INTO ciudad VALUES("52835","52","TUMACO");
INSERT INTO ciudad VALUES("52838","52","TUQUERRES");
INSERT INTO ciudad VALUES("52885","52","YACUANQUER");
INSERT INTO ciudad VALUES("54001","54","CÚCUTA");
INSERT INTO ciudad VALUES("54003","54","ABREGO");
INSERT INTO ciudad VALUES("54051","54","ARBOLEDAS");
INSERT INTO ciudad VALUES("54099","54","BOCHALEMA");
INSERT INTO ciudad VALUES("54109","54","BUCARASICA");
INSERT INTO ciudad VALUES("54125","54","CÁCOTA");
INSERT INTO ciudad VALUES("54128","54","CACHIRÁ");
INSERT INTO ciudad VALUES("54172","54","CHINÁCOTA");
INSERT INTO ciudad VALUES("54174","54","CHITAGÁ");
INSERT INTO ciudad VALUES("54206","54","CONVENCIÓN");
INSERT INTO ciudad VALUES("54223","54","CUCUTILLA");
INSERT INTO ciudad VALUES("54239","54","DURANIA");
INSERT INTO ciudad VALUES("54245","54","EL CARMEN");
INSERT INTO ciudad VALUES("54250","54","EL TARRA");
INSERT INTO ciudad VALUES("54261","54","EL ZULIA");
INSERT INTO ciudad VALUES("54313","54","GRAMALOTE");
INSERT INTO ciudad VALUES("54344","54","HACARÍ");
INSERT INTO ciudad VALUES("54347","54","HERRÁN");
INSERT INTO ciudad VALUES("54377","54","LABATECA");
INSERT INTO ciudad VALUES("54385","54","LA ESPERANZA");
INSERT INTO ciudad VALUES("54398","54","LA PLAYA");
INSERT INTO ciudad VALUES("54405","54","LOS PATIOS");
INSERT INTO ciudad VALUES("54418","54","LOURDES");
INSERT INTO ciudad VALUES("54480","54","MUTISCUA");
INSERT INTO ciudad VALUES("54498","54","OCAÑA");
INSERT INTO ciudad VALUES("54518","54","PAMPLONA");
INSERT INTO ciudad VALUES("54520","54","PAMPLONITA");
INSERT INTO ciudad VALUES("54553","54","PUERTO SANTANDER");
INSERT INTO ciudad VALUES("54599","54","RAGONVALIA");
INSERT INTO ciudad VALUES("54660","54","SALAZAR");
INSERT INTO ciudad VALUES("54670","54","SAN CALIXTO");
INSERT INTO ciudad VALUES("54673","54","SAN CAYETANO");
INSERT INTO ciudad VALUES("54680","54","SANTIAGO");
INSERT INTO ciudad VALUES("54720","54","SARDINATA");
INSERT INTO ciudad VALUES("54743","54","SILOS");
INSERT INTO ciudad VALUES("54800","54","TEORAMA");
INSERT INTO ciudad VALUES("54810","54","TIBÚ");
INSERT INTO ciudad VALUES("54820","54","TOLEDO");
INSERT INTO ciudad VALUES("54871","54","VILLA CARO");
INSERT INTO ciudad VALUES("54874","54","VILLA DEL ROSARIO");
INSERT INTO ciudad VALUES("63001","63","ARMENIA");
INSERT INTO ciudad VALUES("63111","63","BUENAVISTA");
INSERT INTO ciudad VALUES("63130","63","CALARCA");
INSERT INTO ciudad VALUES("63190","63","CIRCASIA");
INSERT INTO ciudad VALUES("63212","63","CoRDOBA");
INSERT INTO ciudad VALUES("63272","63","FILANDIA");
INSERT INTO ciudad VALUES("63302","63","GeNOVA");
INSERT INTO ciudad VALUES("63401","63","LA TEBAIDA");
INSERT INTO ciudad VALUES("63470","63","Montengro");
INSERT INTO ciudad VALUES("63548","63","PIJAO");
INSERT INTO ciudad VALUES("63594","63","QUIMBAYA");
INSERT INTO ciudad VALUES("63690","63","SALENTO");
INSERT INTO ciudad VALUES("66001","66","PEREIRA");
INSERT INTO ciudad VALUES("66045","66","APÍA");
INSERT INTO ciudad VALUES("66075","66","BALBOA");
INSERT INTO ciudad VALUES("66088","66","BELÉN DE UMBRÍA");
INSERT INTO ciudad VALUES("66170","66","DOSQUEBRADAS");
INSERT INTO ciudad VALUES("66318","66","GUÁTICA");
INSERT INTO ciudad VALUES("66383","66","LA CELIA");
INSERT INTO ciudad VALUES("66400","66","LA VIRGINIA");
INSERT INTO ciudad VALUES("66440","66","MARSELLA");
INSERT INTO ciudad VALUES("66456","66","MISTRATÓ");
INSERT INTO ciudad VALUES("66572","66","PUEBLO RICO");
INSERT INTO ciudad VALUES("66594","66","QUINCHiA");
INSERT INTO ciudad VALUES("66682","66","SANTA ROSA DE CABAL");
INSERT INTO ciudad VALUES("66687","66","SANTUARIO");
INSERT INTO ciudad VALUES("68001","68","BUCARAMANGA");
INSERT INTO ciudad VALUES("68013","68","AGUADA");
INSERT INTO ciudad VALUES("68020","68","ALBANIA");
INSERT INTO ciudad VALUES("68051","68","ARATOCA");
INSERT INTO ciudad VALUES("68077","68","BARBOSA");
INSERT INTO ciudad VALUES("68079","68","BARICHARA");
INSERT INTO ciudad VALUES("68081","68","BARRANCABERMEJA");
INSERT INTO ciudad VALUES("68092","68","BETULIA");
INSERT INTO ciudad VALUES("68101","68","BOLÍVAR");
INSERT INTO ciudad VALUES("68121","68","CABRERA");
INSERT INTO ciudad VALUES("68132","68","CALIFORNIA");
INSERT INTO ciudad VALUES("68147","68","CAPITANEJO");
INSERT INTO ciudad VALUES("68152","68","CARCASÍ");
INSERT INTO ciudad VALUES("68160","68","CEPITÁ");
INSERT INTO ciudad VALUES("68162","68","CERRITO");
INSERT INTO ciudad VALUES("68167","68","CHARALÁ");
INSERT INTO ciudad VALUES("68169","68","CHARTA");
INSERT INTO ciudad VALUES("68176","68","CHIMA");
INSERT INTO ciudad VALUES("68179","68","CHIPATÁ");
INSERT INTO ciudad VALUES("68190","68","CIMITARRA");
INSERT INTO ciudad VALUES("68207","68","CONCEPCIÓN");
INSERT INTO ciudad VALUES("68209","68","CONFINES");
INSERT INTO ciudad VALUES("68211","68","CONTRATACIÓN");
INSERT INTO ciudad VALUES("68217","68","COROMORO");
INSERT INTO ciudad VALUES("68229","68","CURITÍ");
INSERT INTO ciudad VALUES("68235","68","EL CARMEN DE CHUCURÍ");
INSERT INTO ciudad VALUES("68245","68","EL GUACAMAYO");
INSERT INTO ciudad VALUES("68250","68","EL PEÑÓN");
INSERT INTO ciudad VALUES("68255","68","EL PLAYÓN");
INSERT INTO ciudad VALUES("68264","68","ENCINO");
INSERT INTO ciudad VALUES("68266","68","ENCISO");
INSERT INTO ciudad VALUES("68271","68","FLORIÁN");
INSERT INTO ciudad VALUES("68276","68","FLORIDABLANCA");
INSERT INTO ciudad VALUES("68296","68","GALÁN");
INSERT INTO ciudad VALUES("68298","68","GAMBITA");
INSERT INTO ciudad VALUES("68307","68","GIRÓN");
INSERT INTO ciudad VALUES("68318","68","GUACA");
INSERT INTO ciudad VALUES("68320","68","GUADALUPE");
INSERT INTO ciudad VALUES("68322","68","GUAPOTÁ");
INSERT INTO ciudad VALUES("68324","68","GUAVATÁ");
INSERT INTO ciudad VALUES("68327","68","GuEPSA");
INSERT INTO ciudad VALUES("68344","68","HATO");
INSERT INTO ciudad VALUES("68368","68","JESÚS MARÍA");
INSERT INTO ciudad VALUES("68370","68","JORDÁN");
INSERT INTO ciudad VALUES("68377","68","LA BELLEZA");
INSERT INTO ciudad VALUES("68385","68","LANDÁZURI");
INSERT INTO ciudad VALUES("68397","68","LA PAZ");
INSERT INTO ciudad VALUES("68406","68","LEBRÍJA");
INSERT INTO ciudad VALUES("68418","68","LOS SANTOS");
INSERT INTO ciudad VALUES("68425","68","MACARAVITA");
INSERT INTO ciudad VALUES("68432","68","MÁLAGA");
INSERT INTO ciudad VALUES("68444","68","MATANZA");
INSERT INTO ciudad VALUES("68464","68","MOGOTES");
INSERT INTO ciudad VALUES("68468","68","MOLAGAVITA");
INSERT INTO ciudad VALUES("68498","68","OCAMONTE");
INSERT INTO ciudad VALUES("68500","68","OIBA");
INSERT INTO ciudad VALUES("68502","68","ONZAGA");
INSERT INTO ciudad VALUES("68522","68","PALMAR");
INSERT INTO ciudad VALUES("68524","68","PALMAS DEL SOCORRO");
INSERT INTO ciudad VALUES("68533","68","PÁRAMO");
INSERT INTO ciudad VALUES("68547","68","PIEDECUESTA");
INSERT INTO ciudad VALUES("68549","68","PINCHOTE");
INSERT INTO ciudad VALUES("68572","68","PUENTE NACIONAL");
INSERT INTO ciudad VALUES("68573","68","PUERTO PARRA");
INSERT INTO ciudad VALUES("68575","68","PUERTO WILCHES");
INSERT INTO ciudad VALUES("68615","68","RIONEGRO");
INSERT INTO ciudad VALUES("68655","68","SABANA DE TORRES");
INSERT INTO ciudad VALUES("68669","68","SAN ANDRÉS");
INSERT INTO ciudad VALUES("68673","68","SAN BENITO");
INSERT INTO ciudad VALUES("68679","68","SAN GIL");
INSERT INTO ciudad VALUES("68682","68","SAN JOAQUÍN");
INSERT INTO ciudad VALUES("68684","68","SAN JOSÉ DE MIRANDA");
INSERT INTO ciudad VALUES("68686","68","SAN MIGUEL");
INSERT INTO ciudad VALUES("68689","68","SAN VICENTE DE CHUCURÍ");
INSERT INTO ciudad VALUES("68705","68","SANTA BÁRBARA");
INSERT INTO ciudad VALUES("68720","68","SANTA HELENA DEL OPÓN");
INSERT INTO ciudad VALUES("68745","68","SIMACOTA");
INSERT INTO ciudad VALUES("68755","68","SOCORRO");
INSERT INTO ciudad VALUES("68770","68","SUAITA");
INSERT INTO ciudad VALUES("68773","68","SUCRE");
INSERT INTO ciudad VALUES("68780","68","SURATA");
INSERT INTO ciudad VALUES("68820","68","TONA");
INSERT INTO ciudad VALUES("68855","68","VALLE DE SAN JOSÉ");
INSERT INTO ciudad VALUES("68861","68","VÉLEZ");
INSERT INTO ciudad VALUES("68867","68","VETAS");
INSERT INTO ciudad VALUES("68872","68","VILLANUEVA");
INSERT INTO ciudad VALUES("68895","68","ZAPATOCA");
INSERT INTO ciudad VALUES("70001","70","SINCELEJO");
INSERT INTO ciudad VALUES("70110","70","BUENAVISTA");
INSERT INTO ciudad VALUES("70124","70","CAIMITO");
INSERT INTO ciudad VALUES("70204","70","COLOSO");
INSERT INTO ciudad VALUES("70215","70","COROZAL");
INSERT INTO ciudad VALUES("70221","70","COVEÑAS");
INSERT INTO ciudad VALUES("70230","70","CHALÁN");
INSERT INTO ciudad VALUES("70233","70","EL ROBLE");
INSERT INTO ciudad VALUES("70235","70","GALERAS");
INSERT INTO ciudad VALUES("70265","70","GUARANDA");
INSERT INTO ciudad VALUES("70400","70","LA UNIÓN");
INSERT INTO ciudad VALUES("70418","70","LOS PALMITOS");
INSERT INTO ciudad VALUES("70429","70","MAJAGUAL");
INSERT INTO ciudad VALUES("70473","70","MORROA");
INSERT INTO ciudad VALUES("70508","70","OVEJAS");
INSERT INTO ciudad VALUES("70523","70","PALMITO");
INSERT INTO ciudad VALUES("70670","70","SAMPUÉS");
INSERT INTO ciudad VALUES("70678","70","SAN BENITO ABAD");
INSERT INTO ciudad VALUES("70702","70","SAN JUAN BETULIA");
INSERT INTO ciudad VALUES("70708","70","SAN MARCOS");
INSERT INTO ciudad VALUES("70713","70","SAN ONOFRE");
INSERT INTO ciudad VALUES("70717","70","SAN PEDRO");
INSERT INTO ciudad VALUES("70742","70","SINCÉ");
INSERT INTO ciudad VALUES("70771","70","SUCRE");
INSERT INTO ciudad VALUES("70820","70","SANTIAGO DE TOLÚ");
INSERT INTO ciudad VALUES("70823","70","TOLÚ VIEJO");
INSERT INTO ciudad VALUES("73001","73","IBAGUe");
INSERT INTO ciudad VALUES("73024","73","ALPUJARRA");
INSERT INTO ciudad VALUES("73026","73","ALVARADO");
INSERT INTO ciudad VALUES("73030","73","AMBALEMA");
INSERT INTO ciudad VALUES("73043","73","ANZOÁTEGUI");
INSERT INTO ciudad VALUES("73055","73","ARMERO");
INSERT INTO ciudad VALUES("73067","73","ATACO");
INSERT INTO ciudad VALUES("73124","73","CAJAMARCA");
INSERT INTO ciudad VALUES("73148","73","CARMEN DE APICALÁ");
INSERT INTO ciudad VALUES("73152","73","CASABIANCA");
INSERT INTO ciudad VALUES("73168","73","CHAPARRAL");
INSERT INTO ciudad VALUES("73200","73","COELLO");
INSERT INTO ciudad VALUES("73217","73","COYAIMA");
INSERT INTO ciudad VALUES("73226","73","CUNDAY");
INSERT INTO ciudad VALUES("73236","73","DOLORES");
INSERT INTO ciudad VALUES("73268","73","ESPINAL");
INSERT INTO ciudad VALUES("73270","73","FALAN");
INSERT INTO ciudad VALUES("73275","73","FLANDES");
INSERT INTO ciudad VALUES("73283","73","FRESNO");
INSERT INTO ciudad VALUES("73319","73","GUAMO");
INSERT INTO ciudad VALUES("73347","73","HERVEO");
INSERT INTO ciudad VALUES("73349","73","HONDA");
INSERT INTO ciudad VALUES("73352","73","ICONONZO");
INSERT INTO ciudad VALUES("73408","73","LeRIDA");
INSERT INTO ciudad VALUES("73411","73","LiBANO");
INSERT INTO ciudad VALUES("73443","73","MARIQUITA");
INSERT INTO ciudad VALUES("73449","73","MELGAR");
INSERT INTO ciudad VALUES("73461","73","MURILLO");
INSERT INTO ciudad VALUES("73483","73","NATAGAIMA");
INSERT INTO ciudad VALUES("73504","73","ORTEGA");
INSERT INTO ciudad VALUES("73520","73","PALOCABILDO");
INSERT INTO ciudad VALUES("73547","73","PIEDRAS");
INSERT INTO ciudad VALUES("73555","73","PLANADAS");
INSERT INTO ciudad VALUES("73563","73","PRADO");
INSERT INTO ciudad VALUES("73585","73","PURIFICACIÓN");
INSERT INTO ciudad VALUES("73616","73","RIOBLANCO");
INSERT INTO ciudad VALUES("73622","73","RONCESVALLES");
INSERT INTO ciudad VALUES("73624","73","ROVIRA");
INSERT INTO ciudad VALUES("73671","73","SALDAÑA");
INSERT INTO ciudad VALUES("73675","73","SAN ANTONIO");
INSERT INTO ciudad VALUES("73678","73","SAN LUIS");
INSERT INTO ciudad VALUES("73686","73","SANTA ISABEL");
INSERT INTO ciudad VALUES("73770","73","SUÁREZ");
INSERT INTO ciudad VALUES("73854","73","VALLE DE SAN JUAN");
INSERT INTO ciudad VALUES("73861","73","VENADILLO");
INSERT INTO ciudad VALUES("73870","73","VILLAHERMOSA");
INSERT INTO ciudad VALUES("73873","73","VILLARRICA");
INSERT INTO ciudad VALUES("76001","76","CALI");
INSERT INTO ciudad VALUES("76020","76","ALCALa");
INSERT INTO ciudad VALUES("76036","76","ANDALUCÍA");
INSERT INTO ciudad VALUES("76041","76","ANSERMANUEVO");
INSERT INTO ciudad VALUES("76054","76","ARGELIA");
INSERT INTO ciudad VALUES("76100","76","BOLÍVAR");
INSERT INTO ciudad VALUES("76109","76","BUENAVENTURA");
INSERT INTO ciudad VALUES("76111","76","BUGA");
INSERT INTO ciudad VALUES("76113","76","BUGALAGRANDE");
INSERT INTO ciudad VALUES("76122","76","CAICEDONIA");
INSERT INTO ciudad VALUES("76126","76","CALIMA");
INSERT INTO ciudad VALUES("76130","76","CANDELARIA");
INSERT INTO ciudad VALUES("76147","76","CARTAGO");
INSERT INTO ciudad VALUES("76233","76","DAGUA");
INSERT INTO ciudad VALUES("76243","76","EL ÁGUILA");
INSERT INTO ciudad VALUES("76246","76","EL CAIRO");
INSERT INTO ciudad VALUES("76248","76","EL CERRITO");
INSERT INTO ciudad VALUES("76250","76","EL DOVIO");
INSERT INTO ciudad VALUES("76275","76","FLORIDA");
INSERT INTO ciudad VALUES("76306","76","GINEBRA");
INSERT INTO ciudad VALUES("76318","76","GUACARÍ");
INSERT INTO ciudad VALUES("76364","76","JAMUNDÍ");
INSERT INTO ciudad VALUES("76377","76","LA CUMBRE");
INSERT INTO ciudad VALUES("76400","76","LA UNIÓN");
INSERT INTO ciudad VALUES("76403","76","LA VICTORIA");
INSERT INTO ciudad VALUES("76497","76","OBANDO");
INSERT INTO ciudad VALUES("76520","76","PALMIRA");
INSERT INTO ciudad VALUES("76563","76","PRADERA");
INSERT INTO ciudad VALUES("76606","76","RESTREPO");
INSERT INTO ciudad VALUES("76616","76","RIOFRIO");
INSERT INTO ciudad VALUES("76622","76","ROLDANILLO");
INSERT INTO ciudad VALUES("76670","76","SAN PEDRO");
INSERT INTO ciudad VALUES("76736","76","SEVILLA");
INSERT INTO ciudad VALUES("76823","76","TORO");
INSERT INTO ciudad VALUES("76828","76","TRUJILLO");
INSERT INTO ciudad VALUES("76834","76","TULUÁ");
INSERT INTO ciudad VALUES("76845","76","ULLOA");
INSERT INTO ciudad VALUES("76863","76","VERSALLES");
INSERT INTO ciudad VALUES("76869","76","VIJES");
INSERT INTO ciudad VALUES("76890","76","YOTOCO");
INSERT INTO ciudad VALUES("76892","76","YUMBO");
INSERT INTO ciudad VALUES("76895","76","ZARZAL");
INSERT INTO ciudad VALUES("81001","81","ARAUCA");
INSERT INTO ciudad VALUES("81065","81","ARAUQUITA");
INSERT INTO ciudad VALUES("81220","81","CRAVO NORTE");
INSERT INTO ciudad VALUES("81300","81","FORTUL");
INSERT INTO ciudad VALUES("81591","81","PUERTO RONDÓN");
INSERT INTO ciudad VALUES("81736","81","SARAVENA");
INSERT INTO ciudad VALUES("81794","81","TAME");
INSERT INTO ciudad VALUES("85001","85","YOPAL");
INSERT INTO ciudad VALUES("85010","85","AGUAZUL");
INSERT INTO ciudad VALUES("85015","85","CHAMEZA");
INSERT INTO ciudad VALUES("85125","85","HATO COROZAL");
INSERT INTO ciudad VALUES("85136","85","LA SALINA");
INSERT INTO ciudad VALUES("85139","85","MANÍ");
INSERT INTO ciudad VALUES("85162","85","MONTERREY");
INSERT INTO ciudad VALUES("85225","85","NUNCHÍA");
INSERT INTO ciudad VALUES("85230","85","OROCUÉ");
INSERT INTO ciudad VALUES("85250","85","PAZ DE ARIPORO");
INSERT INTO ciudad VALUES("85263","85","PORE");
INSERT INTO ciudad VALUES("85279","85","RECETOR");
INSERT INTO ciudad VALUES("85300","85","SABANALARGA");
INSERT INTO ciudad VALUES("85315","85","SÁCAMA");
INSERT INTO ciudad VALUES("85325","85","SAN LUIS DE PALENQUE");
INSERT INTO ciudad VALUES("85400","85","TÁMARA");
INSERT INTO ciudad VALUES("85410","85","TAURAMENA");
INSERT INTO ciudad VALUES("85430","85","TRINIDAD");
INSERT INTO ciudad VALUES("85440","85","VILLANUEVA");
INSERT INTO ciudad VALUES("86001","86","MOCOA");
INSERT INTO ciudad VALUES("86219","86","COLÓN");
INSERT INTO ciudad VALUES("86320","86","ORITO");
INSERT INTO ciudad VALUES("86568","86","PUERTO ASIS");
INSERT INTO ciudad VALUES("86569","86","PUERTO CAICEDO");
INSERT INTO ciudad VALUES("86571","86","PUERTO GUZMAN");
INSERT INTO ciudad VALUES("86573","86","PUERTO LEGUIZAMO");
INSERT INTO ciudad VALUES("86749","86","SIBUNDOY");
INSERT INTO ciudad VALUES("86755","86","SAN FRANCISCO");
INSERT INTO ciudad VALUES("86757","86","SAN MIGUEL");
INSERT INTO ciudad VALUES("86760","86","SANTIAGO");
INSERT INTO ciudad VALUES("86865","86","VALLE DEL GUAMUEZ");
INSERT INTO ciudad VALUES("86885","86","VILLA GARZON");
INSERT INTO ciudad VALUES("88001","88","SAN ANDReS");
INSERT INTO ciudad VALUES("88564","88","PROVIDENCIA Y SANTA CATALINA");
INSERT INTO ciudad VALUES("91001","91","LETICIA");
INSERT INTO ciudad VALUES("91263","91","EL ENCANTO");
INSERT INTO ciudad VALUES("91405","91","LA CHORRERA");
INSERT INTO ciudad VALUES("91407","91","LA PEDRERA");
INSERT INTO ciudad VALUES("91430","91","LA VICTORIA");
INSERT INTO ciudad VALUES("91460","91","MIRITI - PARANÁ");
INSERT INTO ciudad VALUES("91530","91","PUERTO ALEGRIA");
INSERT INTO ciudad VALUES("91536","91","PUERTO ARICA");
INSERT INTO ciudad VALUES("91540","91","PUERTO NARIÑO");
INSERT INTO ciudad VALUES("91669","91","PUERTO SANTANDER");
INSERT INTO ciudad VALUES("91798","91","TARAPACÁ");
INSERT INTO ciudad VALUES("94001","94","INÍRIDA");
INSERT INTO ciudad VALUES("94343","94","BARRANCO MINA");
INSERT INTO ciudad VALUES("94663","94","MAPIRIPaN");
INSERT INTO ciudad VALUES("94883","94","SAN FELIPE");
INSERT INTO ciudad VALUES("94884","94","PUERTO COLOMBIA");
INSERT INTO ciudad VALUES("94885","94","LA GUADALUPE");
INSERT INTO ciudad VALUES("94886","94","CACAHUAL");
INSERT INTO ciudad VALUES("94887","94","PANA PANA");
INSERT INTO ciudad VALUES("94888","94","MORICHAL");
INSERT INTO ciudad VALUES("95001","95","SAN JOSÉ DEL GUAVIARE");
INSERT INTO ciudad VALUES("95015","95","CALAMAR");
INSERT INTO ciudad VALUES("95025","95","EL RETORNO");
INSERT INTO ciudad VALUES("95200","95","MIRAFLORES");
INSERT INTO ciudad VALUES("97001","97","MITÚ");
INSERT INTO ciudad VALUES("97161","97","CARURU");
INSERT INTO ciudad VALUES("97511","97","PACOA");
INSERT INTO ciudad VALUES("97666","97","TARAIRA");
INSERT INTO ciudad VALUES("97777","97","PAPUNAHUA");
INSERT INTO ciudad VALUES("97889","97","YAVARATÉ");
INSERT INTO ciudad VALUES("99001","99","PUERTO CARREÑO");
INSERT INTO ciudad VALUES("99524","99","LA PRIMAVERA");
INSERT INTO ciudad VALUES("99624","99","SANTA ROSALÍA");
INSERT INTO ciudad VALUES("99773","99","CUMARIBO");





CREATE TABLE `comentarios` (
  `id` int(11) NOT NULL AUTO_INCREMENT,
  `nDocu` int(11) NOT NULL,
  `comentario` varchar(350) NOT NULL,
  `puntuacion` int(1) NOT NULL,
  `fecha` datetime NOT NULL,
  PRIMARY KEY (`id`),
  KEY `nDocu` (`nDocu`),
  CONSTRAINT `comentarios_ibfk_1` FOREIGN KEY (`nDocu`) REFERENCES `person` (`nDoc`) ON DELETE CASCADE ON UPDATE CASCADE
) ENGINE=InnoDB AUTO_INCREMENT=4 DEFAULT CHARSET=utf8mb4 COLLATE=utf8mb4_general_ci;

INSERT INTO comentarios VALUES("1","40","Hola mundo","4","2023-02-03 23:58:30");
INSERT INTO comentarios VALUES("2","30","Hola mundo","5","2023-07-04 01:04:11");
INSERT INTO comentarios VALUES("3","2147483647","Hola mundo","5","2023-07-04 01:06:36");





CREATE TABLE `contacto` (
  `id` int(11) NOT NULL AUTO_INCREMENT,
  `nombres` varchar(100) NOT NULL,
  `apellidos` varchar(100) NOT NULL,
  `correo` varchar(250) NOT NULL,
  `celular` double NOT NULL,
  `asunto` varchar(50) NOT NULL,
  `mensaje` varchar(450) NOT NULL,
  `fecha` datetime NOT NULL,
  PRIMARY KEY (`id`)
) ENGINE=InnoDB AUTO_INCREMENT=6 DEFAULT CHARSET=utf8mb4 COLLATE=utf8mb4_general_ci;

INSERT INTO contacto VALUES("1","Jonatan","Gutierrez","jonatan@gmail.com","3142975647","Prueba","Hola mundo","2023-01-05 01:01:46");
INSERT INTO contacto VALUES("2","Jonatan","Gutierrez","jonatan@gmail.com","3213244444","Prueba","Hola","2023-07-05 05:40:00");
INSERT INTO contacto VALUES("3","Jonatan","Gutierrez","jonatan@gmail.com","5442021111","Prueba precauccion","Hola","2023-07-05 05:40:19");
INSERT INTO contacto VALUES("4","Maria","Gutierrez","55@gmail.com","2222222222","Prueba","Hola","2023-07-05 05:46:39");
INSERT INTO contacto VALUES("5","Hola","Messi","messi@gmail.com","3256577721","Prueba","Hola mundo","2023-07-10 03:14:19");





CREATE TABLE `convocatorias` (
  `id` int(2) NOT NULL AUTO_INCREMENT,
  `nombre` varchar(250) NOT NULL,
  `tCurso` int(2) NOT NULL,
  `codigo` int(8) NOT NULL,
  `id_jornada` int(11) NOT NULL,
  `fecha_inicio` date DEFAULT NULL,
  `fecha_fin` date DEFAULT NULL,
  `descripcion` varchar(750) NOT NULL,
  `foto` varchar(200) NOT NULL,
  `nDoc_responsable` int(11) NOT NULL,
  PRIMARY KEY (`id`),
  KEY `id_jornada` (`id_jornada`),
  KEY `nDoc_responsable` (`nDoc_responsable`),
  KEY `tipoCurso` (`tCurso`),
  KEY `codigo` (`codigo`),
  CONSTRAINT `convocatorias_ibfk_1` FOREIGN KEY (`id_jornada`) REFERENCES `jornada` (`id`) ON DELETE CASCADE ON UPDATE CASCADE,
  CONSTRAINT `convocatorias_ibfk_2` FOREIGN KEY (`nDoc_responsable`) REFERENCES `person` (`nDoc`) ON DELETE CASCADE ON UPDATE CASCADE,
  CONSTRAINT `convocatorias_ibfk_3` FOREIGN KEY (`tCurso`) REFERENCES `tipocurso` (`id`) ON DELETE CASCADE ON UPDATE CASCADE
) ENGINE=InnoDB AUTO_INCREMENT=3 DEFAULT CHARSET=utf8mb4 COLLATE=utf8mb4_general_ci;

INSERT INTO convocatorias VALUES("1","Cultura física ","2","2563486","1","2023-05-15","2023-05-30","Recreación en la cultura física y el cuidado del cuerpo ","Curso_2563486.jpg","50");
INSERT INTO convocatorias VALUES("2","Peluquería y estilos","3","2505929","2","2023-05-29","2023-12-31","Tratamientos capilares que, en su mayoría, tienen que ver con el embellecimiento del cabello y con la restauración de su fortaleza.","Curso_55555.jpg","50");





CREATE TABLE `departamentos` (
  `codigoDepartamento` int(2) NOT NULL,
  `nombreDepartamento` varchar(30) NOT NULL,
  PRIMARY KEY (`codigoDepartamento`)
) ENGINE=InnoDB DEFAULT CHARSET=utf8mb4 COLLATE=utf8mb4_spanish_ci;

INSERT INTO departamentos VALUES("5","Antioquia");
INSERT INTO departamentos VALUES("8","Atlantico");
INSERT INTO departamentos VALUES("11","Bogota D.C");
INSERT INTO departamentos VALUES("13","Bolivar");
INSERT INTO departamentos VALUES("15","Boyaca");
INSERT INTO departamentos VALUES("17","Caldas");
INSERT INTO departamentos VALUES("18","Caqueta");
INSERT INTO departamentos VALUES("19","Cauca");
INSERT INTO departamentos VALUES("20","Cesar");
INSERT INTO departamentos VALUES("23","Cordoba");
INSERT INTO departamentos VALUES("25","Cundinamarca");
INSERT INTO departamentos VALUES("27","Chocó");
INSERT INTO departamentos VALUES("41","Huila");
INSERT INTO departamentos VALUES("44","La Guajira");
INSERT INTO departamentos VALUES("47","Magdalena");
INSERT INTO departamentos VALUES("50","Meta");
INSERT INTO departamentos VALUES("52","Nariño");
INSERT INTO departamentos VALUES("54","Norte de Santander");
INSERT INTO departamentos VALUES("63","Quindio");
INSERT INTO departamentos VALUES("66","Risaralda");
INSERT INTO departamentos VALUES("68","Santander");
INSERT INTO departamentos VALUES("70","Sucre");
INSERT INTO departamentos VALUES("73","Tolima ");
INSERT INTO departamentos VALUES("76","Valle del Cauca");
INSERT INTO departamentos VALUES("81","Arauca");
INSERT INTO departamentos VALUES("85","Casanare");
INSERT INTO departamentos VALUES("86","Putumayo");
INSERT INTO departamentos VALUES("88","San Andres");
INSERT INTO departamentos VALUES("91","Amazonas");
INSERT INTO departamentos VALUES("94","Guainía");
INSERT INTO departamentos VALUES("95","Guaviare");
INSERT INTO departamentos VALUES("97","Vaupés");
INSERT INTO departamentos VALUES("99","Vichada");





CREATE TABLE `estructuracurri` (
  `id` int(11) NOT NULL AUTO_INCREMENT,
  `nombreEs` varchar(150) NOT NULL,
  `tCompetencia` int(11) NOT NULL,
  `nResultados` int(11) NOT NULL,
  `totalHoras` int(11) NOT NULL,
  `ficha` int(11) NOT NULL,
  PRIMARY KEY (`id`),
  KEY `ficha` (`ficha`),
  KEY `tCompetencia` (`tCompetencia`),
  CONSTRAINT `estructuracurri_ibfk_1` FOREIGN KEY (`ficha`) REFERENCES `convocatorias` (`codigo`) ON DELETE CASCADE ON UPDATE CASCADE,
  CONSTRAINT `estructuracurri_ibfk_2` FOREIGN KEY (`tCompetencia`) REFERENCES `tipoestructura` (`id`) ON DELETE CASCADE ON UPDATE CASCADE
) ENGINE=InnoDB AUTO_INCREMENT=15 DEFAULT CHARSET=utf8mb4 COLLATE=utf8mb4_general_ci;

INSERT INTO estructuracurri VALUES("2","EspecificaciÓn de requisitos del software","1","4","144","2563486");
INSERT INTO estructuracurri VALUES("3","AdopciÓn de buenas prÁcticas en el proceso de desarrollo de software","1","3","144","2563486");
INSERT INTO estructuracurri VALUES("4","ConstrucciÓn del software","1","5","1008","2563486");
INSERT INTO estructuracurri VALUES("5","ImplantaciÓn del software","1","4","144","2563486");
INSERT INTO estructuracurri VALUES("6","Modelado de los artefactos del software","1","4","336","2563486");
INSERT INTO estructuracurri VALUES("7","ElaboraciÓn de la propuesta tÉcnica del software","1","3","144","2563486");
INSERT INTO estructuracurri VALUES("8","AnÁlisis de la especificaciÓn de requisitos del software","1","4","288","2563486");
INSERT INTO estructuracurri VALUES("9","Jonatan becerra","2","2","22","2563486");
INSERT INTO estructuracurri VALUES("11","Eee","1","2","11","2563486");
INSERT INTO estructuracurri VALUES("12","Ttt","1","2","11","2563486");
INSERT INTO estructuracurri VALUES("13","Mata","1","2","11","2563486");
INSERT INTO estructuracurri VALUES("14","Nueva","2","23","34","2563486");





CREATE TABLE `estudio` (
  `id` int(11) NOT NULL AUTO_INCREMENT,
  `dias` int(11) NOT NULL,
  `nombreMes` int(11) NOT NULL,
  `año` int(4) NOT NULL,
  PRIMARY KEY (`id`),
  KEY `nombreMes` (`nombreMes`),
  CONSTRAINT `estudio_ibfk_1` FOREIGN KEY (`nombreMes`) REFERENCES `meses` (`id`) ON DELETE CASCADE ON UPDATE CASCADE
) ENGINE=InnoDB AUTO_INCREMENT=26 DEFAULT CHARSET=utf8mb4 COLLATE=utf8mb4_general_ci;

INSERT INTO estudio VALUES("4","16","4","2022");
INSERT INTO estudio VALUES("5","21","5","2022");
INSERT INTO estudio VALUES("6","20","6","2022");
INSERT INTO estudio VALUES("7","10","7","2022");
INSERT INTO estudio VALUES("8","22","8","2022");
INSERT INTO estudio VALUES("9","22","9","2022");
INSERT INTO estudio VALUES("10","17","10","2022");
INSERT INTO estudio VALUES("11","20","11","2022");
INSERT INTO estudio VALUES("12","11","12","2022");
INSERT INTO estudio VALUES("13","7","1","2023");
INSERT INTO estudio VALUES("14","20","2","2023");
INSERT INTO estudio VALUES("15","22","3","2023");
INSERT INTO estudio VALUES("16","18","4","2023");
INSERT INTO estudio VALUES("17","21","5","2023");
INSERT INTO estudio VALUES("19","20","6","2023");
INSERT INTO estudio VALUES("20","19","7","2023");
INSERT INTO estudio VALUES("21","21","8","2023");
INSERT INTO estudio VALUES("22","21","9","2023");
INSERT INTO estudio VALUES("23","21","10","2023");
INSERT INTO estudio VALUES("24","21","11","2023");
INSERT INTO estudio VALUES("25","10","12","2023");





CREATE TABLE `eventos` (
  `id` int(11) NOT NULL AUTO_INCREMENT,
  `nombre` varchar(150) NOT NULL,
  `fecha` date NOT NULL,
  `descripcion` varchar(300) NOT NULL,
  `foto` varchar(100) NOT NULL,
  PRIMARY KEY (`id`)
) ENGINE=InnoDB AUTO_INCREMENT=5 DEFAULT CHARSET=utf8mb4 COLLATE=utf8mb4_general_ci;

INSERT INTO eventos VALUES("1","Día del Hombre","2023-03-19","En algunos países, como Colombia, el 19 de marzo se celebra el Día del Hombre debido a que ese mismo día se festeja a San José de Nazaret, padre adoptivo de Jesús. También en Bolivia y Honduras.","events-1.jpg");
INSERT INTO eventos VALUES("2","Dia de la mujer","2023-03-08","El Día Internacional de la Mujer, antes denominado Día Internacional de la Mujer Trabajadora, conmemora en cada 8 de marzo la lucha de las mujeres por su participación en la sociedad y su desarrollo íntegro como persona, en pie de igualdad con el hombre.","events-2.jpg");
INSERT INTO eventos VALUES("3","Entrega proyecto","2023-09-30","Una entrega es un elemento de salida en el ámbito de un proyecto. Puede haber una o varias entregas dentro de un solo proyecto. Las entregas pueden ser elementos que se supone que deben enviarse de forma externa a un cliente o simplemente a un gestor interno.","events-3.jpg");





CREATE TABLE `galeria` (
  `id` int(11) NOT NULL AUTO_INCREMENT,
  `nombre` varchar(150) NOT NULL,
  `descripcion` varchar(200) NOT NULL,
  `foto` varchar(100) NOT NULL,
  PRIMARY KEY (`id`)
) ENGINE=InnoDB AUTO_INCREMENT=7 DEFAULT CHARSET=utf8mb4 COLLATE=utf8mb4_general_ci;

INSERT INTO galeria VALUES("1","a","prueba 1","sena1.jpeg");
INSERT INTO galeria VALUES("2","b","prueba 2","sena2.jpg");
INSERT INTO galeria VALUES("3","Carro","prueba3","sena3.jpeg");
INSERT INTO galeria VALUES("4","d","prueba4","sena4.png");
INSERT INTO galeria VALUES("5","e","prueba5","sena5.jpeg");





CREATE TABLE `genero` (
  `id` int(11) NOT NULL AUTO_INCREMENT,
  `nombregen` varchar(50) NOT NULL,
  PRIMARY KEY (`id`)
) ENGINE=InnoDB AUTO_INCREMENT=4 DEFAULT CHARSET=utf8mb4 COLLATE=utf8mb4_general_ci;

INSERT INTO genero VALUES("1","Masculino");
INSERT INTO genero VALUES("2","Femenino");
INSERT INTO genero VALUES("3","Indefinido");





CREATE TABLE `jornada` (
  `id` int(11) NOT NULL AUTO_INCREMENT,
  `nombrejor` varchar(100) NOT NULL,
  PRIMARY KEY (`id`)
) ENGINE=InnoDB AUTO_INCREMENT=6 DEFAULT CHARSET=utf8mb4 COLLATE=utf8mb4_general_ci;

INSERT INTO jornada VALUES("1","Dia");
INSERT INTO jornada VALUES("2","Tarde");
INSERT INTO jornada VALUES("3","Noche");
INSERT INTO jornada VALUES("4","Virtual");
INSERT INTO jornada VALUES("5","Fines de semana");





CREATE TABLE `meses` (
  `id` int(11) NOT NULL AUTO_INCREMENT,
  `nombremes` varchar(50) NOT NULL,
  PRIMARY KEY (`id`)
) ENGINE=InnoDB AUTO_INCREMENT=13 DEFAULT CHARSET=utf8mb4 COLLATE=utf8mb4_general_ci;

INSERT INTO meses VALUES("1","Enero");
INSERT INTO meses VALUES("2","Febrero");
INSERT INTO meses VALUES("3","Marzo");
INSERT INTO meses VALUES("4","Abril");
INSERT INTO meses VALUES("5","Mayo");
INSERT INTO meses VALUES("6","Junio");
INSERT INTO meses VALUES("7","Julio");
INSERT INTO meses VALUES("8","Agosto");
INSERT INTO meses VALUES("9","Septiembre");
INSERT INTO meses VALUES("10","Octubre");
INSERT INTO meses VALUES("11","Noviembre");
INSERT INTO meses VALUES("12","Diciembre");





CREATE TABLE `nosotros` (
  `id` int(11) NOT NULL AUTO_INCREMENT,
  `fotoPrincipal` varchar(100) NOT NULL,
  `primerTexto` varchar(300) NOT NULL,
  `segundoTexto` varchar(300) NOT NULL,
  `fotoSegundaria` varchar(100) NOT NULL,
  `linkVideo` varchar(250) NOT NULL,
  PRIMARY KEY (`id`)
) ENGINE=InnoDB AUTO_INCREMENT=2 DEFAULT CHARSET=utf8mb4 COLLATE=utf8mb4_general_ci;

INSERT INTO nosotros VALUES("1","fotoPrincipal.jpg","El SENA cuenta con una plataforma virtual llamada, SOFIAPlus: es la abreviación de Sistema Optimizado para la Formación Integral del Aprendizaje Activo; permite a cualquier persona acceder a un programa de formación complementaria y titulada.","Con este buscador puede encontrar el tipo de formación que desea, digite las palabras claves, el lugar y presione en el botón buscar, lo redireccionará a la plataforma SOFIA PLUSSSS.","fotoSegundaria.jpg","https://youtu.be/SJm6I82Msz8");





CREATE TABLE `notificaciones` (
  `id` int(11) NOT NULL AUTO_INCREMENT,
  `docuemisor` int(11) NOT NULL,
  `docureceptor` int(11) NOT NULL,
  `titulomensaje` varchar(50) NOT NULL,
  `mensaje` varchar(150) NOT NULL,
  `foto` varchar(100) NOT NULL,
  `fechaenvio` datetime NOT NULL,
  `estado` varchar(30) NOT NULL,
  `fechaleido` datetime DEFAULT NULL,
  `tipomensaje` varchar(30) NOT NULL,
  PRIMARY KEY (`id`),
  KEY `docuemisor` (`docuemisor`),
  KEY `docureceptor` (`docureceptor`),
  CONSTRAINT `notificaciones_ibfk_1` FOREIGN KEY (`docuemisor`) REFERENCES `person` (`nDoc`) ON DELETE CASCADE ON UPDATE CASCADE,
  CONSTRAINT `notificaciones_ibfk_2` FOREIGN KEY (`docureceptor`) REFERENCES `person` (`nDoc`) ON DELETE CASCADE ON UPDATE CASCADE
) ENGINE=InnoDB AUTO_INCREMENT=23 DEFAULT CHARSET=utf8mb4 COLLATE=utf8mb4_general_ci;

INSERT INTO notificaciones VALUES("8","50","30","Las pruebas de aprendizaj","perro lambon","perfil.jpg","2023-06-05 02:11:41","leido","2023-06-14 04:01:32","previo");
INSERT INTO notificaciones VALUES("17","50","40","Quiero una hambuerguesa","Traigame una hamburguesa urgente","fu_50.JPG","2023-06-14 04:33:44","leido","2023-06-14 05:24:07","urgente");
INSERT INTO notificaciones VALUES("18","10","40","Falta una competencia","vas a ser expulsado","fu_10.jpg","2023-06-14 04:34:24","leido","2023-06-14 10:06:36","aviso");
INSERT INTO notificaciones VALUES("22","10","50","holaaaa","holaaaa","fu_10.jpg","2023-11-27 10:18:42","no leido","","urgente");





CREATE TABLE `person` (
  `id` int(11) NOT NULL AUTO_INCREMENT,
  `nDoc` int(11) NOT NULL,
  `tDoc` int(2) NOT NULL,
  `nombre` varchar(100) NOT NULL,
  `apellidos` varchar(100) NOT NULL,
  `genero` int(2) NOT NULL,
  `numerocel` double NOT NULL,
  `correo` varchar(150) NOT NULL,
  `rol` int(2) NOT NULL,
  `tpoblacion` int(11) DEFAULT NULL,
  `fechaper` date NOT NULL,
  `fechanacimiento` date NOT NULL,
  `documentoPdf` varchar(150) DEFAULT NULL,
  `registraduriaDocu` varchar(150) DEFAULT NULL,
  `contrasena` varchar(100) NOT NULL,
  `foto` varchar(200) NOT NULL DEFAULT 'perfil.jpg',
  `id_depa` int(2) NOT NULL,
  `id_muni` int(5) NOT NULL,
  PRIMARY KEY (`id`),
  UNIQUE KEY `nDoc` (`nDoc`),
  KEY `rol` (`rol`),
  KEY `tDoc` (`tDoc`),
  KEY `id_depa` (`id_depa`),
  KEY `id_muni` (`id_muni`),
  KEY `tpoblacion` (`tpoblacion`),
  KEY `genero` (`genero`),
  CONSTRAINT `person_ibfk_1` FOREIGN KEY (`rol`) REFERENCES `rol` (`id`) ON DELETE CASCADE ON UPDATE CASCADE,
  CONSTRAINT `person_ibfk_2` FOREIGN KEY (`tDoc`) REFERENCES `tipodocumento` (`id`) ON DELETE CASCADE ON UPDATE CASCADE,
  CONSTRAINT `person_ibfk_3` FOREIGN KEY (`id_depa`) REFERENCES `departamentos` (`codigoDepartamento`) ON DELETE CASCADE ON UPDATE CASCADE,
  CONSTRAINT `person_ibfk_4` FOREIGN KEY (`id_muni`) REFERENCES `ciudad` (`codigoCiudad`) ON DELETE CASCADE ON UPDATE CASCADE,
  CONSTRAINT `person_ibfk_5` FOREIGN KEY (`tpoblacion`) REFERENCES `poblacion` (`id`) ON DELETE CASCADE ON UPDATE CASCADE,
  CONSTRAINT `person_ibfk_6` FOREIGN KEY (`genero`) REFERENCES `genero` (`id`) ON DELETE CASCADE ON UPDATE CASCADE
) ENGINE=InnoDB AUTO_INCREMENT=78 DEFAULT CHARSET=utf8mb4 COLLATE=utf8mb4_spanish_ci;

INSERT INTO person VALUES("1","10","2","Jonatan Stiven","Gutierrez Nieto","1","3142945647","jonatangg@gmail.com","3","30","2023-04-23","2003-09-10","Documento_10.pdf","Certificacion_Documento_10.pdf","63982e54a7aeb0d89910475ba6dbd3ca6dd4e5a1","fu_10.jpg","5","5001");
INSERT INTO person VALUES("2","50","2","Jonatan","Becerra","1","3215698844","becerra@gmail.com","1","30","2023-05-15","1999-02-10","Documento_1005956188.pdf","Certificacion_Documento_1005956188.pdf","63982e54a7aeb0d89910475ba6dbd3ca6dd4e5a1","perfil.jpg","25","25875");
INSERT INTO person VALUES("3","40","2","Matica","Bermudez","1","3212564896","matica@gmail.com","2","17","2023-05-16","1995-02-10","Documento_1000000000.pdf","Certificacion_Documento_1000000000.pdf","63982e54a7aeb0d89910475ba6dbd3ca6dd4e5a1","fu_40.jpg","41","41001");
INSERT INTO person VALUES("4","30","2","Leonel","Messii","1","3000258741","messi@gmail.com","2","15","2023-05-17","1996-06-10","Documento_1003569241.pdf","Certificacion_Documento_1003569241.pdf","63982e54a7aeb0d89910475ba6dbd3ca6dd4e5a1","perfil.jpg","25","25175");
INSERT INTO person VALUES("5","60","2","Leonel","Messi Cuccitini","1","3200000000","messi@gmail.com","4","30","2023-06-09","1987-05-10","Documento_1023555555.pdf","Certificacion_Documento_1023555555.pdf","63982e54a7aeb0d89910475ba6dbd3ca6dd4e5a1","perfil.jpg","95","95025");
INSERT INTO person VALUES("6","1000022222","2","Myke","Towers","1","3215698568","myke@gmail.com","2","15","2023-06-14","1988-06-06","Documento_1000022222.pdf","Certificacion_Documento_1000022222.pdf","5dd3770a6852536fadbc5c0581d6509d06c08b30","perfil.jpg","94","94884");
INSERT INTO person VALUES("20","2147483647","2","Valorant","Astra","3","3333333333","valorant@gmail.com","2","18","2023-06-14","2000-02-05","Documento_2222222234.pdf","Certificacion_Documento_2222222234.pdf","63982e54a7aeb0d89910475ba6dbd3ca6dd4e5a1","perfil.jpg","41","41396");
INSERT INTO person VALUES("21","1111110000","2","Andres","Jaime","2","3192588638","jonatanbecerra7@gmail.com","2","7","2023-06-14","2023-06-14","Documento_1111110000.pdf","Certificacion_Documento_1111110000.pdf","952a7c238933b79813ee1e70179d52635c0b6c7c","perfil.jpg","27","27361");
INSERT INTO person VALUES("22","1233454","1","Jaime","Beltran","1","3192588638","jonatanbecerra7@gmail.com","2","16","2023-06-14","1990-12-12","Documento_1233454.pdf","Certificacion_Documento_1233454.pdf","048e01bc60f0ed6abc43fda887d1b9646230038a","perfil.jpg","19","19022");
INSERT INTO person VALUES("28","500","2","alvaro","uribe velez","3","3215536658","paraco@gmail.com","1","19","2023-06-21","1970-02-22","Documento_2222144255.pdf","Certificacion_Documento_2222144255.pdf","7cd2714259c8bf587676c8121c2244434d156c2f","perfil.jpg","95","95001");
INSERT INTO person VALUES("29","32565","2","alvaro ","uribe velez","1","3215536658","paraco@gmail.com","1","19","2023-06-21","1970-02-22","Documento_32565.pdf","Certificacion_Documento_32565.pdf","c9dfc5c52e408003f0753dfe72344c6235d4b6ef","perfil.jpg","23","23570");
INSERT INTO person VALUES("30","55234442","2","Feid","Diomedes","1","3256584475","feid@gmail.com","1","5","2023-06-22","2000-02-01","Documento_55234442.pdf","Certificacion_Documento_55234442.pdf","42fc8411cae7e123be9bc048cdf9f901b1eafa78","perfil.jpg","95","95025");
INSERT INTO person VALUES("34","54441002","1","Bob","Firmino","1","3002144556","bob@gmail.com","2","7","2023-06-26","2006-02-10","Documento_5444100202.pdf","Certificacion_Documento_5444100202.pdf","1776c48433b904d35e4f0452cba1b4b1ca933733","perfil.jpg","27","27413");
INSERT INTO person VALUES("37","2156745","2","Free","Fire","1","3201145788","free@gmail.com","2","17","2023-06-26","2006-02-20","Documento_2156745.pdf","Certificacion_Documento_2156745.pdf","c9b626caf9f37d9e35532a53806fd1d79cb4ae05","perfil.jpg","94","94343");
INSERT INTO person VALUES("38","1003585877","2","Jorge","Carrascal","3","3215693254","jorge@gmail.com","2","6","2023-07-05","2007-06-05","Documento_1003585877.pdf","Certificacion_Documento_1003585877.pdf","b2f3e316bd600a2f582d70f86336edeacc5cca36","perfil.jpg","25","25875");
INSERT INTO person VALUES("39","2111444786","1","Pepito","Perez","3","2565654546","pepito@gmail.com","2","7","2023-07-05","2008-02-10","Documento_2111444786.pdf","Certificacion_Documento_2111444786.pdf","91e0835e8d5d7b6f0c4b8be6a61e0ca884afc8ab","perfil.jpg","25","25875");
INSERT INTO person VALUES("40","1200036644","2","Jonatan","Gutierrez","1","3103298033","jonatan@gmail.com","2","7","2023-07-09","2000-02-02","Documento_1200036644.pdf","Certificacion_Documento_1200036644.pdf","91cd097b0e4bdb2ac3d320d2b239ec5408f4364a","perfil.jpg","94","94343");
INSERT INTO person VALUES("41","1158742588","2","Maria","Nieto","1","3225669888","jonatan@gmail.com","2","6","2023-07-09","2023-07-09","Documento_1158742588.pdf","Certificacion_Documento_1158742588.pdf","504a9b86fc3337a1c63e1ef586996642138ab66d","perfil.jpg","95","95025");
INSERT INTO person VALUES("42","1003510987","2","Maluma","Baby","1","3213254444","maluma@gmail.com","2","6","2023-07-10","2000-02-10","Documento_1003510987.pdf","Certificacion_Documento_1003510987.pdf","c09e33f2d5cc1c78828f729c94feb27c5fbd5607","perfil.jpg","25","25875");
INSERT INTO person VALUES("43","1003520999","2","Anuel","Aa","1","3213240101","anuel@gmail.com","2","30","2023-07-10","2000-02-10","Documento_1003520999.pdf","Certificacion_Documento_1003520999.pdf","a2d5af9dd1b09d9bd475f6342fd81c709bf628ca","perfil.jpg","25","25875");
INSERT INTO person VALUES("45","10056677","2","Carlos","Florez","1","3192588638","carlos@gmail.com","1","6","2023-11-27","2000-06-27","Documento_10056677.pdf","Certificacion_Documento_10056677.pdf","52753fdbf7161f499ccf59ea9114e418d8fe6506","perfil.jpg","91","91263");
INSERT INTO person VALUES("76","211392111","1","julian","riquelme","2","1","riquelme@gmail.com","2","1","2023-11-30","2023-10-10","","","3f397e0a0bac036bfbdd58dbb5dbec898d9a4492","perfil.jpg","5","5001");
INSERT INTO person VALUES("77","31122220","3","pedro","juan","1","3","juan@gmail.com","1","1","2023-11-30","2023-10-11","","","ca06a298a5b6175b00df671d4b7069a5b8d2bee1","perfil.jpg","5","5001");





CREATE TABLE `poblacion` (
  `id` int(11) NOT NULL AUTO_INCREMENT,
  `nombrepob` varchar(150) NOT NULL,
  PRIMARY KEY (`id`)
) ENGINE=InnoDB AUTO_INCREMENT=41 DEFAULT CHARSET=utf8mb4 COLLATE=utf8mb4_general_ci;

INSERT INTO poblacion VALUES("1","ABANDONO O DESPOJO FORZADO DE TIERRAS");
INSERT INTO poblacion VALUES("2","ACTOS TERRORISTA/ATENTADOS/COMBATES/ENFRENTAMIENTOS/HOSTIGAMIENTOS");
INSERT INTO poblacion VALUES("3","ADOLESCENTE DESVINCULADO DE GRUPOS ARMADOS ORGANIZ");
INSERT INTO poblacion VALUES("4","ADOLESCENTE EN CONFLICTO CON LA LEY PENAL");
INSERT INTO poblacion VALUES("5","ADOLESCENTE TRABAJADOR");
INSERT INTO poblacion VALUES("6","AMENAZA");
INSERT INTO poblacion VALUES("7","ARTESANOS");
INSERT INTO poblacion VALUES("8","DELITOS CONTRA LA LIBERTAD Y LA INTEGRIDAD SEXUAL EN DESARROLLO DEL CONFLICTO ARMADO");
INSERT INTO poblacion VALUES("9","DESAPARICIÓN FORZADA");
INSERT INTO poblacion VALUES("10","DESPLAZADOS DISCAPACITADOS");
INSERT INTO poblacion VALUES("11","DESPLAZADOS POR FENOMENOS NATURALES");
INSERT INTO poblacion VALUES("12","DESPLAZADOS POR FENÓMENOS NATURALES CABEZA DE FAMI");
INSERT INTO poblacion VALUES("13","DESPLAZADOS POR LA VIOLENCIA");
INSERT INTO poblacion VALUES("14","DESPLAZADOS POR LA VIOLENCIA CABEZA DE FAMILIA");
INSERT INTO poblacion VALUES("15","DISCAPACIDAD INTELECTUAL");
INSERT INTO poblacion VALUES("16","DISCAPACIDAD AUDITIVA");
INSERT INTO poblacion VALUES("17","DISCAPACIDAD FÍSICA");
INSERT INTO poblacion VALUES("18","DISCAPACIDAD VISUAL");
INSERT INTO poblacion VALUES("19","DISCAPACIDAD PSICOSOCIAL");
INSERT INTO poblacion VALUES("20","DISCAPACIDAD MÚLTIPLE");
INSERT INTO poblacion VALUES("21","SORDOCEGUERA");
INSERT INTO poblacion VALUES("22","EMPRENDEDORES");
INSERT INTO poblacion VALUES("23","HERIDO");
INSERT INTO poblacion VALUES("24","HOMICIDIO / MASACRE");
INSERT INTO poblacion VALUES("25","INPEC");
INSERT INTO poblacion VALUES("26","JOVENES VULNERABLES");
INSERT INTO poblacion VALUES("27","MICROEMPRESAS");
INSERT INTO poblacion VALUES("28","MINAS ANTIPERSONAL, MUNICIÓN SIN EXPLOTAR, Y ARTEFACTO «EXPLOSIVO IMPROVISADO");
INSERT INTO poblacion VALUES("29","MUJER CABEZA DE FAMILIA");
INSERT INTO poblacion VALUES("30","NINGUNA");
INSERT INTO poblacion VALUES("31","PERSONAS EN PROCESO DE REINTEGRACIÓN");
INSERT INTO poblacion VALUES("32","RECLUTAMIENTO FORZADO");
INSERT INTO poblacion VALUES("33","REMITIDOS POR EL CIE");
INSERT INTO poblacion VALUES("34","REMITIDOS POR EL PAL");
INSERT INTO poblacion VALUES("35","SECUESTRO");
INSERT INTO poblacion VALUES("36","SOBREVIVIENTES MINAS ANTIPERSONALES");
INSERT INTO poblacion VALUES("37","SOLDADOS CAMPESINOS");
INSERT INTO poblacion VALUES("38","TERCERA EDAD");
INSERT INTO poblacion VALUES("39","TORTURA");
INSERT INTO poblacion VALUES("40","VINCULACIÓN DE NIÑOS, NIÑAS Y ADOLESCENTES A ACTIVIDADES RELACIONADAS CON GRUPOS ARMADOS");





CREATE TABLE `registroconv` (
  `id` int(11) NOT NULL AUTO_INCREMENT,
  `nDocreg` int(11) NOT NULL,
  `convocatorias` int(11) NOT NULL,
  `fechareg` date NOT NULL,
  PRIMARY KEY (`id`),
  KEY `convocatorias` (`convocatorias`),
  KEY `nDocreg` (`nDocreg`),
  CONSTRAINT `registroconv_ibfk_1` FOREIGN KEY (`nDocreg`) REFERENCES `person` (`nDoc`) ON DELETE CASCADE ON UPDATE CASCADE,
  CONSTRAINT `registroconv_ibfk_2` FOREIGN KEY (`convocatorias`) REFERENCES `convocatorias` (`codigo`) ON DELETE CASCADE ON UPDATE CASCADE
) ENGINE=InnoDB AUTO_INCREMENT=7 DEFAULT CHARSET=utf8mb4 COLLATE=utf8mb4_general_ci;

INSERT INTO registroconv VALUES("3","30","2563486","2023-05-17");
INSERT INTO registroconv VALUES("4","50","2563486","2023-06-14");
INSERT INTO registroconv VALUES("5","1000022222","2505929","2023-07-05");
INSERT INTO registroconv VALUES("6","30","2505929","2023-12-01");





CREATE TABLE `rol` (
  `id` int(11) NOT NULL AUTO_INCREMENT,
  `nombrerol` varchar(50) NOT NULL,
  PRIMARY KEY (`id`)
) ENGINE=InnoDB AUTO_INCREMENT=5 DEFAULT CHARSET=utf8mb4 COLLATE=utf8mb4_spanish_ci;

INSERT INTO rol VALUES("1","Instructor");
INSERT INTO rol VALUES("2","Aprendiz");
INSERT INTO rol VALUES("3","Coordinador");
INSERT INTO rol VALUES("4","Administrador");





CREATE TABLE `tipocurso` (
  `id` int(11) NOT NULL AUTO_INCREMENT,
  `tipoCurso` varchar(100) NOT NULL,
  PRIMARY KEY (`id`)
) ENGINE=InnoDB AUTO_INCREMENT=4 DEFAULT CHARSET=utf8mb4 COLLATE=utf8mb4_general_ci;

INSERT INTO tipocurso VALUES("1","Tecnico");
INSERT INTO tipocurso VALUES("2","Tecnologo");
INSERT INTO tipocurso VALUES("3","Complementario");





CREATE TABLE `tipodocumento` (
  `id` int(11) NOT NULL AUTO_INCREMENT,
  `nombretd` varchar(100) NOT NULL,
  PRIMARY KEY (`id`)
) ENGINE=InnoDB AUTO_INCREMENT=5 DEFAULT CHARSET=utf8mb4 COLLATE=utf8mb4_spanish_ci;

INSERT INTO tipodocumento VALUES("1","Tarjeta de identidad");
INSERT INTO tipodocumento VALUES("2","Cedula de ciudadania");
INSERT INTO tipodocumento VALUES("3","Pasaporte");
INSERT INTO tipodocumento VALUES("4","Registro civil");





CREATE TABLE `tipoestructura` (
  `id` int(11) NOT NULL AUTO_INCREMENT,
  `TEnombre` varchar(150) NOT NULL,
  PRIMARY KEY (`id`)
) ENGINE=InnoDB AUTO_INCREMENT=4 DEFAULT CHARSET=utf8mb4 COLLATE=utf8mb4_general_ci;

INSERT INTO tipoestructura VALUES("1","Técnica");
INSERT INTO tipoestructura VALUES("2","Básica");
INSERT INTO tipoestructura VALUES("3","Inducción O Etapa Productiva");



